<?xml version="1.0"?>
<!--<!DOCTYPE metadata SYSTEM "http://www.esri.com/metadata/esriprof80.dtd">-->
<metadata xml:lang="en"><Esri><MetaID>{7EDFB6EB-CE50-11D5-8FCC-00D0B7E103AE}</MetaID><CreaDate>20011031</CreaDate><CreaTime>16300500</CreaTime><SyncOnce>FALSE</SyncOnce><SyncDate>20020921</SyncDate><SyncTime>11510100</SyncTime><ModDate>20020921</ModDate><ModTime>11510100</ModTime></Esri><idinfo><native Sync="TRUE">Microsoft Windows 2000 Version 5.1 (Build 2600) ; ESRI ArcCatalog 8.2.0.700</native><descript><langdata Sync="TRUE">en</langdata><abstract>REQUIRED: A brief narrative summary of the data set.</abstract><purpose>REQUIRED: A summary of the intentions with which the data set was developed.</purpose></descript><citation><citeinfo><origin>REQUIRED: The name of an organization or individual that developed the data set.</origin><pubdate>REQUIRED: The date when the data set is published or otherwise made available for release.</pubdate><title Sync="TRUE">hucgd</title><ftname Sync="TRUE">hucgd</ftname><geoform Sync="TRUE">raster digital data</geoform><onlink Sync="TRUE">\\CHANGLAP\C$\rev_chapters2\copy_of_data\chap11\hucgd</onlink></citeinfo></citation><timeperd><current>REQUIRED: The basis on which the time period of content information is determined.</current><timeinfo><sngdate><caldate>REQUIRED: The year (and optionally month, or month and day) for which the data set corresponds to the ground.</caldate></sngdate></timeinfo></timeperd><status><progress>REQUIRED: The state of the data set.</progress><update>REQUIRED: The frequency with which changes and additions are made to the data set after the initial data set is completed.</update></status><spdom><bounding><westbc Sync="TRUE">REQUIRED: Western-most coordinate of the limit of coverage expressed in longitude.</westbc><eastbc Sync="TRUE">REQUIRED: Eastern-most coordinate of the limit of coverage expressed in longitude.</eastbc><northbc Sync="TRUE">REQUIRED: Northern-most coordinate of the limit of coverage expressed in latitude.</northbc><southbc Sync="TRUE">REQUIRED: Southern-most coordinate of the limit of coverage expressed in latitude.</southbc></bounding><lboundng><leftbc Sync="TRUE">241697.265625</leftbc><rightbc Sync="TRUE">745697.265625</rightbc><bottombc Sync="TRUE">98724.945313</bottombc><topbc Sync="TRUE">882724.945313</topbc></lboundng></spdom><keywords><theme><themekt>REQUIRED: Reference to a formally registered thesaurus or a similar authoritative source of theme keywords.</themekt><themekey>REQUIRED: Common-use word or phrase used to describe the subject of the data set.</themekey></theme></keywords><accconst>REQUIRED: Restrictions and legal prerequisites for accessing the data set.</accconst><useconst>REQUIRED: Restrictions and legal prerequisites for using the data set after access is granted.</useconst><natvform Sync="TRUE">Raster Dataset</natvform></idinfo><dataIdInfo><envirDesc Sync="TRUE">Microsoft Windows 2000 Version 5.1 (Build 2600) ; ESRI ArcCatalog 8.2.0.700</envirDesc><dataLang><languageCode Sync="TRUE" value="en"></languageCode></dataLang><idCitation><resTitle Sync="TRUE">hucgd</resTitle><presForm><PresFormCd Sync="TRUE" value="005"></PresFormCd></presForm></idCitation><spatRpType><SpatRepTypCd Sync="TRUE" value="002"></SpatRepTypCd></spatRpType><geoBox esriExtentType="native"><westBL Sync="TRUE">241697.265625</westBL><eastBL Sync="TRUE">745697.265625</eastBL><northBL Sync="TRUE">882724.945313</northBL><southBL Sync="TRUE">98724.945313</southBL><exTypeCode Sync="TRUE">1</exTypeCode></geoBox></dataIdInfo><metainfo><langmeta Sync="TRUE">en</langmeta><metstdn Sync="TRUE">FGDC Content Standards for Digital Geospatial Metadata</metstdn><metstdv Sync="TRUE">FGDC-STD-001-1998</metstdv><mettc Sync="TRUE">local time</mettc><metc><cntinfo><cntorgp><cntper>REQUIRED: The person responsible for the metadata information.</cntper><cntorg>REQUIRED: The organization responsible for the metadata information.</cntorg></cntorgp><cntaddr><addrtype>REQUIRED: The mailing and/or physical address for the organization or individual.</addrtype><city>REQUIRED: The city of the address.</city><state>REQUIRED: The state or province of the address.</state><postal>REQUIRED: The ZIP or other postal code of the address.</postal></cntaddr><cntvoice>REQUIRED: The telephone number by which individuals can speak to the organization or individual.</cntvoice></cntinfo></metc><metd Sync="TRUE">20020921</metd><metextns><onlink Sync="TRUE">http://www.esri.com/metadata/esriprof80.html</onlink><metprof Sync="TRUE">ESRI Metadata Profile</metprof></metextns></metainfo><mdLang><languageCode Sync="TRUE" value="en"></languageCode></mdLang><mdStanName Sync="TRUE">ISO 19115 Geographic Information - Metadata</mdStanName><mdStanVer Sync="TRUE">DIS_ESRI1.0</mdStanVer><mdChar><CharSetCd Sync="TRUE" value="004"></CharSetCd></mdChar><mdHrLv><ScopeCd Sync="TRUE" value="005"></ScopeCd></mdHrLv><mdHrLvName Sync="TRUE">dataset</mdHrLvName><distinfo><resdesc Sync="TRUE">Downloadable Data</resdesc><stdorder><digform><digtinfo><transize Sync="TRUE">0.036</transize><dssize Sync="TRUE">0.036</dssize></digtinfo></digform></stdorder></distinfo><distInfo><distributor><distorTran><onLineSrc><orDesc Sync="TRUE">002</orDesc><linkage Sync="TRUE">file://\\CHANGLAP\C$\rev_chapters2\copy_of_data\chap11\hucgd</linkage><protocol Sync="TRUE">Local Area Network</protocol></onLineSrc><transSize Sync="TRUE">0.036</transSize></distorTran><distorFormat><formatName Sync="TRUE">Raster Dataset</formatName></distorFormat></distributor></distInfo><spdoinfo><direct Sync="TRUE">Raster</direct><rastinfo><rasttype Sync="TRUE">Grid Cell</rasttype><rowcount Sync="TRUE">392</rowcount><colcount Sync="TRUE">252</colcount><rastxsz Sync="TRUE">2000.000000</rastxsz><rastysz Sync="TRUE">2000.000000</rastysz><rastbpp Sync="TRUE">32</rastbpp><vrtcount Sync="TRUE">1</vrtcount><rastorig Sync="TRUE">Upper Left</rastorig><rastcmap Sync="TRUE">FALSE</rastcmap><rastcomp Sync="TRUE">Default</rastcomp><rastband Sync="TRUE">1</rastband><rastdtyp Sync="TRUE">matrix values</rastdtyp><rastplyr Sync="TRUE">FALSE</rastplyr><rastifor Sync="TRUE">ESRI GRID</rastifor></rastinfo></spdoinfo><spatRepInfo><GridSpatRep><numDims Sync="TRUE">2</numDims><axDimProps><Dimen><dimName><DimNameTypCd Sync="TRUE" value="002"></DimNameTypCd></dimName><dimSize Sync="TRUE">252</dimSize><dimResol Sync="TRUE">2000</dimResol></Dimen><Dimen><dimName><DimNameTypCd Sync="TRUE" value="001"></DimNameTypCd></dimName><dimSize Sync="TRUE">392</dimSize><dimResol Sync="TRUE">2000</dimResol></Dimen></axDimProps><cellGeo><CellGeoCd Sync="TRUE" value="002"></CellGeoCd></cellGeo><tranParaAv Sync="TRUE">1</tranParaAv></GridSpatRep></spatRepInfo><spref><horizsys><planar><planci><plance Sync="TRUE">row and column</plance><coordrep><absres Sync="TRUE">2000.000000</absres><ordres Sync="TRUE">2000.000000</ordres></coordrep></planci></planar></horizsys></spref><eainfo><detailed Name="hucgd"><enttyp><enttypl Sync="TRUE">hucgd</enttypl><enttypt Sync="TRUE">Table</enttypt><enttypc Sync="TRUE">13</enttypc></enttyp><attr><attrlabl Sync="TRUE">ObjectID</attrlabl><attalias Sync="TRUE">ObjectID</attalias><attrtype Sync="TRUE">OID</attrtype><attwidth Sync="TRUE">4</attwidth><atprecis Sync="TRUE">0</atprecis><attscale Sync="TRUE">0</attscale><attrdef Sync="TRUE">Internal feature number.</attrdef><attrdefs Sync="TRUE">ESRI</attrdefs><attrdomv><udom Sync="TRUE">Sequential unique whole numbers that are automatically generated.</udom></attrdomv></attr><attr><attrlabl Sync="TRUE">Value</attrlabl><attalias Sync="TRUE">Value</attalias><attrtype Sync="TRUE">Integer</attrtype><attwidth Sync="TRUE">0</attwidth><atprecis Sync="TRUE">0</atprecis><attscale Sync="TRUE">0</attscale></attr><attr><attrlabl Sync="TRUE">Count</attrlabl><attalias Sync="TRUE">Count</attalias><attrtype Sync="TRUE">Double</attrtype><attwidth Sync="TRUE">0</attwidth><atprecis Sync="TRUE">0</atprecis><attscale Sync="TRUE">0</attscale></attr></detailed></eainfo><mdDateSt Sync="TRUE">20020921</mdDateSt></metadata>
