<?xml version="1.0"?>
<!--<!DOCTYPE metadata SYSTEM "http://www.esri.com/metadata/esriprof80.dtd">-->
<metadata xml:lang="en"><Esri><MetaID>{EA840F33-8AEA-43CF-B0FC-F12AA37BBD51}</MetaID><CreaDate>20020921</CreaDate><CreaTime>15221300</CreaTime><SyncOnce>FALSE</SyncOnce><SyncDate>20040910</SyncDate><SyncTime>14233500</SyncTime><ModDate>20040910</ModDate><ModTime>14233500</ModTime></Esri><idinfo><native Sync="TRUE">Microsoft Windows XP Version 5.1 (Build 2600) Service Pack 1; ESRI ArcCatalog 9.0.0.535</native><descript><langdata Sync="TRUE">en</langdata><abstract>REQUIRED: A brief narrative summary of the data set.</abstract><purpose>REQUIRED: A summary of the intentions with which the data set was developed.</purpose></descript><citation><citeinfo><origin>REQUIRED: The name of an organization or individual that developed the data set.</origin><pubdate>REQUIRED: The date when the data set is published or otherwise made available for release.</pubdate><title Sync="TRUE">emidatin</title><ftname Sync="TRUE">emidatin</ftname><geoform Sync="TRUE">vector digital data</geoform><onlink Sync="TRUE">\\CHANGLAP\C$\rev_3\datasets_v3\chap3\emidatin</onlink></citeinfo></citation><timeperd><current>REQUIRED: The basis on which the time period of content information is determined.</current><timeinfo><sngdate><caldate>REQUIRED: The year (and optionally month, or month and day) for which the data set corresponds to the ground.</caldate></sngdate></timeinfo></timeperd><status><progress>REQUIRED: The state of the data set.</progress><update>REQUIRED: The frequency with which changes and additions are made to the data set after the initial data set is completed.</update></status><spdom><bounding><westbc Sync="TRUE">-116.625322</westbc><eastbc Sync="TRUE">-116.551750</eastbc><northbc Sync="TRUE">47.125138</northbc><southbc Sync="TRUE">47.067375</southbc></bounding><lboundng><leftbc Sync="TRUE">528450.000000</leftbc><rightbc Sync="TRUE">534000.000000</rightbc><bottombc Sync="TRUE">5212530.000000</bottombc><topbc Sync="TRUE">5218920.000000</topbc></lboundng><minalti Sync="TRUE">855.000000</minalti><maxalti Sync="TRUE">1337.000000</maxalti></spdom><keywords><theme><themekt>REQUIRED: Reference to a formally registered thesaurus or a similar authoritative source of theme keywords.</themekt><themekey>REQUIRED: Common-use word or phrase used to describe the subject of the data set.</themekey></theme></keywords><accconst>REQUIRED: Restrictions and legal prerequisites for accessing the data set.</accconst><useconst>REQUIRED: Restrictions and legal prerequisites for using the data set after access is granted.</useconst><natvform Sync="TRUE">Tin</natvform></idinfo><dataIdInfo><envirDesc Sync="TRUE">Microsoft Windows XP Version 5.1 (Build 2600) Service Pack 1; ESRI ArcCatalog 9.0.0.535</envirDesc><dataLang><languageCode Sync="TRUE" value="en"></languageCode></dataLang><idCitation><resTitle Sync="TRUE">emidatin</resTitle><presForm><PresFormCd Sync="TRUE" value="007"></PresFormCd></presForm></idCitation><spatRpType><SpatRepTypCd Sync="TRUE" value="004"></SpatRepTypCd></spatRpType><dataExt><vertEle><vertMinVal Sync="TRUE">855</vertMinVal><vertMaxVal Sync="TRUE">1337</vertMaxVal></vertEle><geoEle><GeoBndBox esriExtentType="native"><westBL Sync="TRUE">528450</westBL><eastBL Sync="TRUE">534000</eastBL><northBL Sync="TRUE">5218920</northBL><southBL Sync="TRUE">5212530</southBL><exTypeCode Sync="TRUE">1</exTypeCode></GeoBndBox></geoEle></dataExt><geoBox esriExtentType="decdegrees"><westBL Sync="TRUE">-116.625322</westBL><eastBL Sync="TRUE">-116.55175</eastBL><northBL Sync="TRUE">47.125138</northBL><southBL Sync="TRUE">47.067375</southBL><exTypeCode Sync="TRUE">1</exTypeCode></geoBox></dataIdInfo><metainfo><langmeta Sync="TRUE">en</langmeta><metstdn Sync="TRUE">FGDC Content Standards for Digital Geospatial Metadata</metstdn><metstdv Sync="TRUE">FGDC-STD-001-1998</metstdv><mettc Sync="TRUE">local time</mettc><metc><cntinfo><cntorgp><cntper>REQUIRED: The person responsible for the metadata information.</cntper><cntorg>REQUIRED: The organization responsible for the metadata information.</cntorg></cntorgp><cntaddr><addrtype>REQUIRED: The mailing and/or physical address for the organization or individual.</addrtype><city>REQUIRED: The city of the address.</city><state>REQUIRED: The state or province of the address.</state><postal>REQUIRED: The ZIP or other postal code of the address.</postal></cntaddr><cntvoice>REQUIRED: The telephone number by which individuals can speak to the organization or individual.</cntvoice></cntinfo></metc><metd Sync="TRUE">20040910</metd><metextns><onlink Sync="TRUE">http://www.esri.com/metadata/esriprof80.html</onlink><metprof Sync="TRUE">ESRI Metadata Profile</metprof></metextns></metainfo><mdLang><languageCode Sync="TRUE" value="en"></languageCode></mdLang><mdStanName Sync="TRUE">ISO 19115 Geographic Information - Metadata</mdStanName><mdStanVer Sync="TRUE">DIS_ESRI1.0</mdStanVer><mdChar><CharSetCd Sync="TRUE" value="004"></CharSetCd></mdChar><mdHrLv><ScopeCd Sync="TRUE" value="005"></ScopeCd></mdHrLv><mdHrLvName Sync="TRUE">dataset</mdHrLvName><distinfo><resdesc Sync="TRUE">Downloadable Data</resdesc><stdorder><digform><digtinfo><transize Sync="TRUE">0.269</transize><dssize Sync="TRUE">0.269</dssize></digtinfo></digform></stdorder></distinfo><distInfo><distributor><distorTran><onLineSrc><orDesc Sync="TRUE">002</orDesc><linkage Sync="TRUE">file://\\CHANGLAP\C$\rev_3\datasets_v3\chap3\emidatin</linkage><protocol Sync="TRUE">Local Area Network</protocol></onLineSrc><transSize Sync="TRUE">0.269</transSize></distorTran><distorFormat><formatName Sync="TRUE">Tin</formatName></distorFormat></distributor></distInfo><spdoinfo><direct Sync="TRUE">Vector</direct><ptvctinf><esriterm Name="Triangle"><efeageom Sync="TRUE">Triangle</efeageom><esritopo Sync="TRUE">TRUE</esritopo><efeacnt Sync="TRUE">7433</efeacnt><spindex Sync="TRUE">TRUE</spindex><linrefer Sync="TRUE">FALSE</linrefer></esriterm><sdtsterm Name="Triangle"><sdtstype Sync="TRUE">Ring composed of chains</sdtstype><ptvctcnt Sync="TRUE">7433</ptvctcnt></sdtsterm><esriterm Name="Node"><efeageom Sync="TRUE">Node</efeageom><esritopo Sync="TRUE">TRUE</esritopo><efeacnt Sync="TRUE">3984</efeacnt><spindex Sync="TRUE">TRUE</spindex><linrefer Sync="TRUE">FALSE</linrefer></esriterm><sdtsterm Name="Node"><sdtstype Sync="TRUE">Node, planar graph</sdtstype><ptvctcnt Sync="TRUE">3984</ptvctcnt></sdtsterm><esriterm Name="Edge"><efeageom Sync="TRUE">Edge</efeageom><esritopo Sync="TRUE">TRUE</esritopo><efeacnt Sync="TRUE">22299</efeacnt><spindex Sync="TRUE">TRUE</spindex><linrefer Sync="TRUE">FALSE</linrefer></esriterm><sdtsterm Name="Edge"><sdtstype Sync="TRUE">Link</sdtstype><ptvctcnt Sync="TRUE">22299</ptvctcnt></sdtsterm></ptvctinf></spdoinfo><spref><horizsys><cordsysn><geogcsn Sync="TRUE">GCS_North_American_1927</geogcsn><projcsn Sync="TRUE">NAD_1927_UTM_Zone_11N</projcsn></cordsysn><planar><planci><plance Sync="TRUE">coordinate pair</plance><plandu Sync="TRUE">meters</plandu><coordrep><absres Sync="TRUE">0.000004</absres><ordres Sync="TRUE">0.000004</ordres></coordrep></planci><gridsys><gridsysn Sync="TRUE">Universal Transverse Mercator</gridsysn><utm><utmzone Sync="TRUE">11</utmzone><transmer><sfctrmer Sync="TRUE">0.999600</sfctrmer><longcm Sync="TRUE">-117.000000</longcm><latprjo Sync="TRUE">0.000000</latprjo><feast Sync="TRUE">500000.000000</feast><fnorth Sync="TRUE">0.000000</fnorth></transmer></utm></gridsys></planar><geodetic><horizdn Sync="TRUE">North American Datum of 1927</horizdn><ellips Sync="TRUE">Clarke 1866</ellips><semiaxis Sync="TRUE">6378206.400000</semiaxis><denflat Sync="TRUE">294.978698</denflat></geodetic></horizsys><vertdef><altsys><altenc Sync="TRUE">Explicit elevation coordinate included with horizontal coordinates</altenc><altres Sync="TRUE">0.000000</altres></altsys></vertdef></spref><refSysInfo><RefSystem><refSysID><identCode Sync="TRUE">NAD_1927_UTM_Zone_11N</identCode></refSysID></RefSystem></refSysInfo><spatRepInfo><VectSpatRep><topLvl><TopoLevCd Sync="TRUE" value="006"></TopoLevCd></topLvl><geometObjs Name="Triangle"><geoObjTyp><GeoObjTypCd Sync="TRUE" value="001"></GeoObjTypCd></geoObjTyp><geoObjCnt Sync="TRUE">7433</geoObjCnt></geometObjs><geometObjs Name="Node"><geoObjTyp><GeoObjTypCd Sync="TRUE" value="004"></GeoObjTypCd></geoObjTyp><geoObjCnt Sync="TRUE">3984</geoObjCnt></geometObjs><geometObjs Name="Edge"><geoObjTyp><GeoObjTypCd Sync="TRUE" value="003"></GeoObjTypCd></geoObjTyp><geoObjCnt Sync="TRUE">22299</geoObjCnt></geometObjs></VectSpatRep></spatRepInfo><mdDateSt Sync="TRUE">20040910</mdDateSt></metadata>
