<?xml version="1.0"?>
<!--<!DOCTYPE metadata SYSTEM "http://www.esri.com/metadata/esriprof80.dtd">-->
<metadata xml:lang="en"><Esri><CreaDate>20040726</CreaDate><CreaTime>13362200</CreaTime><SyncOnce>TRUE</SyncOnce><MetaID>{3383028E-2887-40F9-BB44-106C8CF4C272}</MetaID></Esri><idinfo><citation><citeinfo><onlink Sync="TRUE">\\CHANGLAP\C$\rev_3\copy_of_data\chap11\cities</onlink></citeinfo></citation></idinfo><distInfo><distributor><distorTran><onLineSrc><linkage Sync="TRUE">file://\\CHANGLAP\C$\rev_3\copy_of_data\chap11\cities</linkage><protocol Sync="TRUE">Local Area Network</protocol></onLineSrc></distorTran></distributor></distInfo><dataqual><lineage><procstep><procdesc Sync="TRUE">Dataset copied.</procdesc><srcused Sync="TRUE">C:\geog385\data_f03\ex8\cities</srcused><date Sync="TRUE">20040726</date><time Sync="TRUE">13254800</time></procstep><procstep><procdesc Sync="TRUE">Dataset copied.</procdesc><srcused Sync="TRUE">E:\data\cities</srcused><date Sync="TRUE">20040726</date><time Sync="TRUE">13362200</time></procstep></lineage></dataqual></metadata>
