<?xml version="1.0"?>
<!--<!DOCTYPE metadata SYSTEM "http://www.esri.com/metadata/esriprof80.dtd">-->
<metadata xml:lang="zh"><Esri><CreaDate>20060304</CreaDate><CreaTime>09244900</CreaTime><SyncOnce>TRUE</SyncOnce><DataProperties><lineage><Process Name="Create Table" ToolSource="C:\Program Files\ArcGIS\ArcToolbox\Toolboxes\Data Management Tools.tbx\CreateTable" Date="20060106" Time="094543">CreateTable D:\rev_4\soils\soil_id610\tabular comonth comonth_View # D:\rev_4\soils\soil_id610\tabular\comonth.dbf</Process><Process Name="Append" ToolSource="C:\Program Files\ArcGIS\ArcToolbox\Toolboxes\Data Management Tools.tbx\Append" Date="20060106" Time="094545">Append comonth_View D:\rev_4\soils\soil_id610\tabular\comonth.dbf TEST D:\rev_4\soils\soil_id610\tabular\comonth.dbf</Process><Process Name="TableToTable_2" ToolSource="C:\Program Files\ArcGIS\ArcToolbox\Toolboxes\Conversion Tools.tbx\TableToTable" Date="20060106" Time="094545">TableToTable D:\rev_4\soils\soil_id610\soildb_ID_2002.mdb\comonth D:\rev_4\soils\soil_id610\tabular comonth # "monthseq monthseq VISIBLE;month month VISIBLE;flodfreqcl flodfreqcl VISIBLE;floddurcl floddurcl VISIBLE;pondfreqcl pondfreqcl VISIBLE;ponddurcl ponddurcl VISIBLE;ponddep_l ponddep_l VISIBLE;ponddep_r ponddep_r VISIBLE;ponddep_h ponddep_h VISIBLE;dlyavgprecip_l dlyavgprec VISIBLE;dlyavgprecip_r dlyavgpr_1 VISIBLE;dlyavgprecip_h dlyavgpr_2 VISIBLE;dlyavgpotet_l dlyavgpote VISIBLE;dlyavgpotet_r dlyavgpo_1 VISIBLE;dlyavgpotet_h dlyavgpo_2 VISIBLE;cokey cokey VISIBLE;comonthkey comonthkey VISIBLE" # D:\rev_4\soils\soil_id610\tabular\comonth.dbf</Process></lineage></DataProperties><MetaID>{1D695240-F138-4E68-BCC8-A799FD907AFE}</MetaID></Esri><idinfo><citation><citeinfo><onlink Sync="TRUE">\\CHANGPC\D$\rev_4\data\chap11\comonth</onlink></citeinfo></citation></idinfo><distInfo><distributor><distorTran><onLineSrc><linkage Sync="TRUE">file://\\CHANGPC\D$\rev_4\data\chap11\comonth</linkage><protocol Sync="TRUE">Local Area Network</protocol></onLineSrc></distorTran></distributor></distInfo><dataqual><lineage><procstep><procdesc Sync="TRUE">Dataset copied.</procdesc><srcused Sync="TRUE">D:\rev_4\soils\soil_id610\tabular\comonth</srcused><date Sync="TRUE">20060304</date><time Sync="TRUE">09244900</time></procstep></lineage></dataqual></metadata>
