<?xml version="1.0"?>
<!--<!DOCTYPE metadata SYSTEM "http://www.esri.com/metadata/esriprof80.dtd">-->
<metadata xml:lang="en"><Esri><CreaDate>20040306</CreaDate><CreaTime>08334400</CreaTime><SyncOnce>TRUE</SyncOnce><MetaID>{1F58F3F6-4393-42ED-90F4-7B7E0502A7A2}</MetaID></Esri><idinfo><citation><citeinfo><onlink Sync="TRUE">\\CHANGLAP\C$\rev_3\copy_of_data\chap7\Merge_result</onlink></citeinfo></citation></idinfo><distInfo><distributor><distorTran><onLineSrc><linkage Sync="TRUE">file://\\CHANGLAP\C$\rev_3\copy_of_data\chap7\Merge_result</linkage><protocol Sync="TRUE">Local Area Network</protocol></onLineSrc></distorTran></distributor></distInfo><dataqual><lineage><procstep><procdesc Sync="TRUE">Dataset copied.</procdesc><srcused Sync="TRUE">C:\vba\chap10\data_solved\Merge_result</srcused><date Sync="TRUE">20031226</date><time Sync="TRUE">10462400</time></procstep><procstep><procdesc Sync="TRUE">Dataset copied.</procdesc><srcused Sync="TRUE">C:\rev_chapters2\data_solved\chap5\Merge_result</srcused><date Sync="TRUE">20040306</date><time Sync="TRUE">08334400</time></procstep></lineage></dataqual></metadata>
