<?xml version="1.0"?>
<!--<!DOCTYPE metadata SYSTEM "http://www.esri.com/metadata/esriprof80.dtd">-->
<metadata xml:lang="en"><Esri><CreaDate>20040306</CreaDate><CreaTime>08322300</CreaTime><SyncOnce>TRUE</SyncOnce><MetaID>{5BCFFD02-5F95-40EE-8D2C-331142125502}</MetaID></Esri><idinfo><citation><citeinfo><onlink Sync="TRUE">\\CHANGLAP\C$\rev_3\copy_of_data\chap7\trial_dig</onlink></citeinfo></citation></idinfo><distInfo><distributor><distorTran><onLineSrc><linkage Sync="TRUE">file://\\CHANGLAP\C$\rev_3\copy_of_data\chap7\trial_dig</linkage><protocol Sync="TRUE">Local Area Network</protocol></onLineSrc></distorTran></distributor></distInfo><dataqual><lineage><procstep><procdesc Sync="TRUE">Dataset copied.</procdesc><srcused Sync="TRUE">C:\rev_chapters2\data_solved\chap5\trial_dig</srcused><date Sync="TRUE">20040224</date><time Sync="TRUE">10105100</time></procstep><procstep><procdesc Sync="TRUE">Dataset copied.</procdesc><srcused Sync="TRUE">C:\rev_chapters2\data_solved\chap5\trial_dig</srcused><date Sync="TRUE">20040306</date><time Sync="TRUE">08322300</time></procstep></lineage></dataqual></metadata>
