<?xml version="1.0" encoding="ISO-8859-1"?>
<metadata>
	<idinfo>
		<citation>
			<citeinfo>
				<origin>Cartography/GIS Section, Washington State Department of Transportation</origin>
				<pubdate>20001027 - (20030609 for shapefiles)</pubdate>
				<title>Washington State Highways, at 1:24,000</title>
				<geoform Sync="TRUE">vector digital data</geoform>
				<pubinfo>
					<pubplace>Olympia, Washington</pubplace>
					<publish>Washington State Department of Transportation</publish>
				</pubinfo>
				<onlink>w:\data\gis\gisosc\geodata\maps\24k\dot_cartog\sr24k</onlink>
				<ftname Sync="TRUE">decrease24k</ftname></citeinfo>
		</citation>
		<descript>
			<abstract>Washington's State Routes are depicted as lines with State Route identifiers and route measure attributes.  The individual county coverages in the Washington State County Series, State Routes were combined to create this statewide data set. For best event placement, use the shapefile format instead of the coverage.</abstract>
			<purpose>This data set is used:  1)for general-purpose base mapping; 2)as a   Linear Referencing System (LRS); 3) for locating features on the State Route network by State Route Accumulated Route Mileage (dynamic segmentation).</purpose>
			<supplinf>San Juan County contains no State Routes and was not used in the creation process.</supplinf>
			<langdata Sync="TRUE">en</langdata></descript>
		<timeperd>
			<timeinfo>
				<sngdate>
					<caldate>20000426</caldate>
				</sngdate>
			</timeinfo>
			<current>ground condition</current>
		</timeperd>
		<status>
			<progress>Complete</progress>
			<update>in process</update>
		</status>
		<spdom>
			<bounding>
				<westbc Sync="TRUE">-124.697820</westbc>
				<eastbc Sync="TRUE">-116.861317</eastbc>
				<northbc Sync="TRUE">49.042513</northbc>
				<southbc Sync="TRUE">45.504067</southbc>
			</bounding>
			<lboundng><leftbc Sync="TRUE">631722.292343</leftbc><rightbc Sync="TRUE">2514550.563244</rightbc><bottombc Sync="TRUE">87430.231172</bottombc><topbc Sync="TRUE">1353102.863633</topbc></lboundng></spdom>
		<keywords>
			<theme>
				<themekt>None</themekt>
				<themekey>highway</themekey>
				<themekey>SR</themekey>
				<themekey>state route</themekey>
				<themekey>LRS</themekey>
				<themekey>smart roads</themekey>
			</theme>
			<place>
				<placekt>None</placekt>
				<placekey>Washington</placekey>
				<placekey>WA</placekey>
				<placekey>United States</placekey>
				<placekey>USA</placekey>
				<placekey>Pacific Northwest</placekey>
			</place>
		</keywords>
		<accconst>none</accconst>
		<useconst>none</useconst>
		<ptcontac>
			<cntinfo>
				<cntperp>
					<cntper>Ron Cihon</cntper>
					<cntorg>Geographic Services, Washington State Department of Transportation</cntorg>
				</cntperp>
				<cntpos>GIS/Cartography Supervisor</cntpos>
				<cntaddr>
					<addrtype>physical address</addrtype>
					<address>1655 S. 2nd Avenue</address>
					<city>Tumwater</city>
					<state>WA</state>
					<postal>98512</postal>
					<country>USA</country>
				</cntaddr>
				<cntaddr>
					<addrtype>mailing address</addrtype>
					<address>
Mail Stop: 7384

PO Box 47384
</address>
					<city>Olympia</city>
					<state>WA</state>
					<postal>98504-7384</postal>
					<country>USA</country>
				</cntaddr>
				<cntvoice>360-709-5510</cntvoice>
				<cntfax>360-709-5599</cntfax>
				<cntemail>cihonr@wsdot.wa.gov</cntemail>
			</cntinfo>
		</ptcontac>
		<datacred>Cartography/GIS, Washington State Department of Transportation</datacred>
		<native Sync="TRUE">Microsoft Windows 2000 Version 5.1 (Build 2600) Service Pack 1; ESRI ArcCatalog 8.3.0.800</native>
		<crossref>
			<citeinfo>
				<origin>GIS/Cartography Section, Washington State Department of Transportation</origin>
				<pubdate>19990216</pubdate>
				<title>Washington State Highways, 1998</title>
				<geoform>linear reference system</geoform>
				<pubinfo>
					<pubplace>Olympia, Washington, USA</pubplace>
					<publish>Washington State Department of Transportation</publish>
				</pubinfo>
			</citeinfo>
		</crossref>
		<crossref>
			<citeinfo>
				<origin>Cartography/GIS Section, Washington State Department of Transportation</origin>
				<pubdate>20001027</pubdate>
				<title>Washington State County Series, State Routes</title>
				<geoform>linear reference system</geoform>
				<pubinfo>
					<pubplace>Olympia, Washington</pubplace>
					<publish>Washington State Department of Transportation</publish>
				</pubinfo>
			</citeinfo>
		</crossref>
		<natvform Sync="TRUE">Shapefile</natvform></idinfo>
	<dataqual>
		<attracc>
			<attraccr>State Route numbers and Accumulated Route Mileage values were obtained from the 2000 State Highway Log.</attraccr>
		</attracc>
		<logic>These data form a network representing the connectivity of State Routes (SR's)  in Washington state.    Nodes occur at SR endpoints and at points of intersection with other SR's, ramps, bridges, region, and county boundaries.  Topology was verified by the Arc/Info "BUILD" command.</logic>
		<complete>The data set contains all of the state routes in the state of Washington.</complete>
		<posacc>
			<horizpa>
				<horizpar>Positional accuracy of this data set has not been determined.  For best event placement, use the shapefile format instead of the coverage.</horizpar>
			</horizpa>
		</posacc>
		<lineage>
			<srcinfo>
				<srccite>
					<citeinfo>
						<origin>Cartography Section, Washington State Department of Transportation</origin>
						<title>WSDOT 7.5 Minute Quadrangle</title>
						<geoform>map</geoform>
						<serinfo>
							<sername>WSDOT 7.5 Minute Quadrangles</sername>
						</serinfo>
						<pubinfo>
							<pubplace>Olympia, Washington</pubplace>
							<publish>Washington State Department of Transportation</publish>
						</pubinfo>
						<othercit>The WSDOT 7.5 Minute Quadrangle Series is based on 7.5 minute U.S. Geological Survey quadrangles. Selected features were digitized by WSDOT Cartography Section staff, including revisions compiled by the Cartography Section.</othercit>
					</citeinfo>
				</srccite>
				<srcscale>24000</srcscale>
				<typesrc>online</typesrc>
				<srctime>
					<timeinfo>
						<sngdate></sngdate>
					</timeinfo>
				</srctime>
				<srccitea>WSDOT 7.5 Min Quad</srccitea>
				<srccontr>The graphics depicting increasing and decreasing Accumulated Route Mileage values for Washington state routes and ramps.</srccontr>
			</srcinfo>
			<srcinfo>
				<srccite>
					<citeinfo>
						<origin>Cartography/GIS Section, Washington State Department of Transportation</origin>
						<pubdate>20001027</pubdate>
						<title>Washington State County Series, State Routes</title>
						<geoform>linear reference system</geoform>
						<pubinfo>
							<pubplace>Olympia, Washington</pubplace>
							<publish>Washington State Department of Transportation</publish>
						</pubinfo>
					</citeinfo>
				</srccite>
				<srcscale>24000</srcscale>
				<typesrc>paper</typesrc>
				<srctime>
					<timeinfo>
						<sngdate>
							<caldate>20000426</caldate>
						</sngdate>
					</timeinfo>
					<srccurr>ground condition</srccurr>
				</srctime>
				<srccitea>Washington State County Series, State Routes</srccitea>
				<srccontr>The graphics and attribute values for all the state routes and ramps in Washington State.</srccontr>
			</srcinfo>
			<procstep>
				<procdesc>The source file was digitized from 7.5 minute USGS quadrangles using Intergraph's Microstation software.  The Microstation DGN file was converted to an Arc/Info coverage with the Arc command "IGDSARC" and transformed to geographic coordinates with Arc commands "PROJECTDEFINE" and "PROJECT."  Attributes are added to the linework and routes are created with the "ARCSECTION"  command based on Accumulated Route Mileage.  Later the individual county coverages were appended together in Arc/Info to create a statewide data set.</procdesc>
				<srcused>WSDOT 7.5 Min Quad</srcused>
				<procdate>19960101</procdate>
				<proccont>
					<cntinfo>
						<cntperp>
							<cntper>Marci Carte</cntper>
							<cntorg>Geographic Services, Washington State Department of Transportation</cntorg>
						</cntperp>
						<cntpos>GIS Analyst</cntpos>
						<cntaddr>
							<addrtype>physical address</addrtype>
							<address>1655 S. 2nd Avenue</address>
							<city>Tumwater</city>
							<state>WA</state>
							<postal>98512</postal>
							<country>USA</country>
						</cntaddr>
						<cntaddr>
							<addrtype>mailing address</addrtype>
							<address>
Mail Stop: 7384

PO Box 47384
</address>
							<city>Olympia</city>
							<state>WA</state>
							<postal>98504-7384</postal>
							<country>USA</country>
						</cntaddr>
						<cntvoice>360-709-5512</cntvoice>
						<cntfax>360-709-5599</cntfax>
						<cntemail>cartem@wsdot.wa.gov</cntemail>
					</cntinfo>
				</proccont>
			</procstep>
			<procstep>
				<procdesc>An ArcInfo aml was used to combine the arcs and attributes from the individual county coverages into a statewide coverage and build routes.</procdesc>
				<srcused>Washington State County Series, State Routes</srcused>
				<procdate>20001006</procdate>
				<proccont>
					<cntinfo>
						<cntperp>
							<cntper>Allen Blake</cntper>
							<cntorg>Transportation Data Office, Washington State Department of Transportation</cntorg>
						</cntperp>
						<cntpos>GIS Analyst</cntpos>
						<cntaddr>
							<addrtype>physical address</addrtype>
							<address>PO Box 47380</address>
							<city>Olympia</city>
							<state>WA</state>
							<postal>98504-7380</postal>
							<country>USA</country>
						</cntaddr>
						<cntvoice>360-570-2363</cntvoice>
						<cntemail>blaket@wsdot.wa.gov</cntemail>
					</cntinfo>
				</proccont>
			</procstep>
			<procstep>
				<procdesc>Original coverage-based LRS data were reprojected to Washington State Plane South and then converted, using ArcToolBox, to Polyline with Measures Shapefiles. The resulting shapefiles were then reprojected to Geographic NAD83 to improve event placement.</procdesc>
				<procdate>6/6/2003</procdate>
				<proccont>
					<cntinfo>
						<cntorgp>
							<cntorg>Transportation Data Office, Washington State Department of Transportation</cntorg>
							<cntper>Allen Blake</cntper>
						</cntorgp>
						<cntpos>GIS Analyst</cntpos>
						<cntaddr>
							<addrtype>mailing address</addrtype>
							<address>PO Box 47380</address>
							<city>Olympia</city>
							<state>WA</state>
							<postal>98504-7380</postal>
						</cntaddr>
						<cntvoice>360-570-2363</cntvoice>
						<cntemail>blaket@wsdot.wa.gov</cntemail>
					</cntinfo>
				</proccont>
			</procstep>
			<procstep><procdesc Sync="TRUE">Dataset copied.</procdesc><srcused Sync="TRUE"></srcused><date Sync="TRUE">20040207</date><time Sync="TRUE">14252700</time></procstep><procstep><procdesc Sync="TRUE">Dataset copied.</procdesc><srcused Sync="TRUE">C:\geog475\resources\wa_hwy\decrease24k</srcused><date Sync="TRUE">20040208</date><time Sync="TRUE">09473300</time></procstep><procstep><procdesc Sync="TRUE">Dataset copied.</procdesc><srcused Sync="TRUE">C:\geog475\data_solved\ex5\decrease24k</srcused><date Sync="TRUE">20040715</date><time Sync="TRUE">17490300</time></procstep><procstep><procdesc Sync="TRUE">Dataset copied.</procdesc><srcused Sync="TRUE">E:\data\decrease24k</srcused><date Sync="TRUE">20040716</date><time Sync="TRUE">07465400</time></procstep></lineage>
	</dataqual>
	<spdoinfo>
		<indspref>State Route and Accumulated Route Mileage</indspref>
		<direct Sync="TRUE">Vector</direct>
		<ptvctinf>
			<sdtsterm Name="decrease24k">
				<sdtstype Sync="TRUE">String</sdtstype>
				<ptvctcnt Sync="TRUE">223</ptvctcnt>
			</sdtsterm>
			<esriterm Name="decrease24k"><efeatyp Sync="TRUE">Simple</efeatyp><efeageom Sync="TRUE">Polyline</efeageom><esritopo Sync="TRUE">FALSE</esritopo><efeacnt Sync="TRUE">223</efeacnt><spindex Sync="TRUE">TRUE</spindex><linrefer Sync="TRUE">TRUE</linrefer></esriterm></ptvctinf>
	</spdoinfo>
	<spref>
		<horizsys>
			<geodetic>
				<horizdn Sync="TRUE">North American Datum of 1983</horizdn>
				<ellips Sync="TRUE">Geodetic Reference System 80</ellips>
				<semiaxis Sync="TRUE">6378137.000000</semiaxis>
				<denflat Sync="TRUE">298.257222</denflat>
			</geodetic>
			<cordsysn><geogcsn Sync="TRUE">GCS_North_American_1983</geogcsn><projcsn Sync="TRUE">NAD_1983_StatePlane_Washington_South_FIPS_4602_Feet</projcsn></cordsysn><planar><gridsys><gridsysn Sync="TRUE">State Plane Coordinate System 1983</gridsysn><spcs><spcszone Sync="TRUE">4602</spcszone><lambertc><stdparll Sync="TRUE">45.833333</stdparll><stdparll Sync="TRUE">47.333333</stdparll><longcm Sync="TRUE">-120.500000</longcm><latprjo Sync="TRUE">45.333333</latprjo><feast Sync="TRUE">1640416.666667</feast><fnorth Sync="TRUE">0.000000</fnorth></lambertc></spcs></gridsys><planci><plance Sync="TRUE">coordinate pair</plance><plandu Sync="TRUE">survey feet</plandu><coordrep><absres Sync="TRUE">0.004096</absres><ordres Sync="TRUE">0.004096</ordres></coordrep></planci></planar></horizsys>
	</spref>
	<eainfo>
		<detailed Name="decrease24k">
			<enttyp>
				<enttypl Sync="TRUE">decrease24k</enttypl>
				<enttypd>Washington State Department of Transportation (WSDOT) highways, including interstate, U.S., and state routes.</enttypd>
				<enttypds>2000 State Highway Log</enttypds>
				<enttypt Sync="TRUE">Feature Class</enttypt><enttypc Sync="TRUE">223</enttypc></enttyp>
			<attr>
				<attrlabl Sync="TRUE">FID</attrlabl>
				<attrdef Sync="TRUE">Internal feature number.</attrdef>
				<attrdefs Sync="TRUE">ESRI</attrdefs>
				<attrdomv>
					<udom Sync="TRUE">Sequential unique whole numbers that are automatically generated.</udom>
				</attrdomv>
				<begdatea>20000426</begdatea>
				<attalias Sync="TRUE">FID</attalias><attrtype Sync="TRUE">OID</attrtype><attwidth Sync="TRUE">4</attwidth><atprecis Sync="TRUE">0</atprecis><attscale Sync="TRUE">0</attscale></attr>
			<attr>
				<attrlabl Sync="TRUE">Shape</attrlabl>
				<attrdef Sync="TRUE">Feature geometry.</attrdef>
				<attrdefs Sync="TRUE">ESRI</attrdefs>
				<attalias Sync="TRUE">Shape</attalias><attrtype Sync="TRUE">Geometry</attrtype><attwidth Sync="TRUE">0</attwidth><atprecis Sync="TRUE">0</atprecis><attscale Sync="TRUE">0</attscale><attrdomv><udom Sync="TRUE">Coordinates defining the features.</udom></attrdomv></attr>
			<attr>
				<attrlabl Sync="TRUE">DECREASE_</attrlabl>
				<attrdef>Internal identifier.</attrdef>
				<attrdefs>ESRI</attrdefs>
				<attalias Sync="TRUE">DECREASE_</attalias><attrtype Sync="TRUE">Number</attrtype><attwidth Sync="TRUE">9</attwidth></attr>
			<attr>
				<attrlabl Sync="TRUE">DECREASE_I</attrlabl>
				<attrdef>User defined identifier.</attrdef>
				<attalias Sync="TRUE">DECREASE_I</attalias><attrtype Sync="TRUE">Number</attrtype><attwidth Sync="TRUE">9</attwidth></attr>
			<attr>
				<attrlabl Sync="TRUE">SR</attrlabl>
				<attrdef>A unique State Route identifier assigned by WSDOT's Transportation Data Office.  Every WSDOT highway in Washington state is assigned a State Route number, including interstates and U.S. Routes.</attrdef>
				<attrdefs>2000 State Highway Log</attrdefs>
				<begdatea>20000426</begdatea>
				<attalias Sync="TRUE">SR</attalias><attrtype Sync="TRUE">String</attrtype><attwidth Sync="TRUE">12</attwidth></attr>
		</detailed>
		<overview>
			<eaover>The data set contains State Route numbers, direction, Beginning Accumulated Route Mileage, Ending Accumulated Route Mileage, and WSDOT Region for graphics depicting the state routes and  ramps.</eaover>
		</overview>
	</eainfo>
	<distinfo>
		<distrib>
			<cntinfo>
				<cntperp>
					<cntper>Michelle Blake</cntper>
					<cntorg>Washington State Department of Transportation</cntorg>
				</cntperp>
				<cntpos>GIS Data Administrator</cntpos>
				<cntaddr>
					<addrtype>mailing address</addrtype>
					<address>PO Box 47430</address>
					<city>Olympia</city>
					<state>WA</state>
					<postal>98504-7430</postal>
					<country>USA</country>
				</cntaddr>
				<cntaddr>
					<addrtype>physical address</addrtype>
					<address>809 Legion Way SE</address>
					<city>Olympia</city>
					<state>WA</state>
					<postal>98501</postal>
					<country>USA</country>
				</cntaddr>
				<cntvoice>360-705-7797</cntvoice>
				<cntfax>360-705-6817</cntfax>
				<cntemail>blakem@wsdot.wa.gov</cntemail>
				<cntinst>Call, email or write with requests for geo-spatial data sets.</cntinst>
			</cntinfo>
		</distrib>
		<resdesc>\gisosc\geodata\maps\24k\dot_cartog\sr24k\sr24k</resdesc>
		<distliab>The Washington State Department of Transportation shall not be liable for any activity involving these data with regard to lost profits or savings or any other consequential damages; or the fitness for use of the data for a particular purpose; or the installation of the data, its use, or the results obtained.</distliab>
		<stdorder>
			<digform>
				<digtinfo>
					<formspec>Various formats are used: ESRI coverages and shapefiles, and data tables for placement as ArcView "events."</formspec>
					<formcont>
The standard distribution compact disc contains all geospatial data sets created by the Washington State Dept. of Transportation. Refer to the included Geodata.txt text file for a brief description of the directory structure.
Data formats vary--most data are stored as ESRI shape files, but some data models require coverages. There are also dbf-format tables of data located by geographic coordinates or State Route Accumulated Route Mileage.
</formcont>
					<transize>2.509</transize>
					<dssize Sync="TRUE">2.508</dssize></digtinfo>
				<digtopt>
					<offoptn>
						<offmedia>CD-ROM</offmedia>
					</offoptn>
				</digtopt>
			</digform>
			<fees>none</fees>
			<ordering>Call, email or write the Distributor with requests for geo-spatial data sets.</ordering>
			<turnarnd>Generally, the standard compact disc containing all distributed data can be sent within one week of receiving a data request.</turnarnd>
		</stdorder>
		<stdorder>
			<digform>
				<digtinfo>
					<formname>self-extracting zip file</formname>
					<formvern>6.3 SR-1 (926) 32-bit</formvern>
					<formspec>WinZip</formspec>
					<formcont>Depends on the data set. Arc/Info coverage or shape file; metadata report in html and text files; and, in some cases, a data dictionary text file. Some data sets in the standard distribution are tabular data for placement as ArcView "events."</formcont>
					<filedec>Run the "exe" file under Windows NT.</filedec>
					<transize>2.509</transize>
					<dssize Sync="TRUE">2.508</dssize></digtinfo>
				<digtopt>
					<onlinopt>
						<accinstr>Use anonymous FTP login or web browser download on the URL specified under Network Address.</accinstr>
						<oncomp>Unix</oncomp>
					</onlinopt>
				</digtopt>
			</digform>
			<fees>none</fees>
			<ordering>Download individual data sets from ftp://ftp.wsdot.wa.gov/gis/GeoDataDistribution</ordering>
		</stdorder>
		<stdorder>
			<nondig>The Cartography/GIS Section can plot maps of most geospatial data sets.</nondig>
			<digform>
				<digtinfo>
					<transize>2.509</transize>
					<dssize Sync="TRUE">2.508</dssize></digtinfo>
			</digform>
			<fees>depend on plotting costs.</fees>
			<ordering>Contact the Point of Contact listed under the Identification Section to determine the availability of this data set in a non-digital representation.</ordering>
		</stdorder>
		<availabl>
			<timeinfo>
				<sngdate></sngdate>
			</timeinfo>
		</availabl>
	</distinfo>
	<metainfo>
		<metd Sync="TRUE">20040208</metd>
		<metc>
			<cntinfo>
				<cntorgp>
					<cntorg>Transportation Data Office, Washington State Department of Transportation</cntorg>
					<cntper>Allen Blake</cntper>
				</cntorgp>
				<cntpos>GIS Analyst</cntpos>
				<cntaddr>
					<addrtype>mailing address</addrtype>
					<address>PO Box 47380</address>
					<city>Olympia</city>
					<state>WA</state>
					<postal>98504-7380</postal>
				</cntaddr>
				<cntvoice>360-570-2363</cntvoice>
				<cntemail>blaket@wsdot.wa.gov</cntemail>
			</cntinfo>
		</metc>
		<metstdn Sync="TRUE">FGDC Content Standards for Digital Geospatial Metadata</metstdn>
		<metstdv Sync="TRUE">FGDC-STD-001-1998</metstdv>
		<mettc Sync="TRUE">local time</mettc>
		<metac>none</metac>
		<metuc>none</metuc>
		<metextns>
			<onlink>http://www.esri.com/metadata/esriprof80.html</onlink>
			<metprof>ESRI Metadata Profile</metprof>
		</metextns>
		<langmeta Sync="TRUE">en</langmeta><metextns><onlink Sync="TRUE">http://www.esri.com/metadata/esriprof80.html</onlink><metprof Sync="TRUE">ESRI Metadata Profile</metprof></metextns></metainfo>
	<Esri><CreaDate>20040716</CreaDate><CreaTime>07465400</CreaTime><SyncOnce>FALSE</SyncOnce><SyncDate>20040208</SyncDate><SyncTime>13212200</SyncTime><ModDate>20040208</ModDate><ModTime>13212200</ModTime><MetaID>{D9B30557-F262-4289-8190-D4690C478E24}</MetaID></Esri><dataIdInfo><envirDesc Sync="TRUE">Microsoft Windows 2000 Version 5.1 (Build 2600) Service Pack 1; ESRI ArcCatalog 8.3.0.800</envirDesc><dataLang><languageCode Sync="TRUE" value="en"></languageCode></dataLang><idCitation><resTitle Sync="TRUE">decrease24k</resTitle><presForm><PresFormCd Sync="TRUE" value="005"></PresFormCd></presForm></idCitation><spatRpType><SpatRepTypCd Sync="TRUE" value="001"></SpatRepTypCd></spatRpType><dataExt><geoEle><GeoBndBox esriExtentType="native"><westBL Sync="TRUE">631722.292343</westBL><eastBL Sync="TRUE">2514550.563244</eastBL><northBL Sync="TRUE">1353102.863633</northBL><southBL Sync="TRUE">87430.231172</southBL><exTypeCode Sync="TRUE">1</exTypeCode></GeoBndBox></geoEle></dataExt><geoBox esriExtentType="decdegrees"><westBL Sync="TRUE">-124.69782</westBL><eastBL Sync="TRUE">-116.861317</eastBL><northBL Sync="TRUE">49.042513</northBL><southBL Sync="TRUE">45.504067</southBL><exTypeCode Sync="TRUE">1</exTypeCode></geoBox></dataIdInfo><mdLang><languageCode Sync="TRUE" value="en"></languageCode></mdLang><mdStanName Sync="TRUE">ISO 19115 Geographic Information - Metadata</mdStanName><mdStanVer Sync="TRUE">DIS_ESRI1.0</mdStanVer><mdChar><CharSetCd Sync="TRUE" value="004"></CharSetCd></mdChar><mdHrLv><ScopeCd Sync="TRUE" value="005"></ScopeCd></mdHrLv><mdHrLvName Sync="TRUE">dataset</mdHrLvName><distInfo><distributor><distorTran><onLineSrc><orDesc Sync="TRUE">002</orDesc><linkage Sync="TRUE">file://\\CHANGLAP\C$\rev_3\data_solved\chap17\decrease24k</linkage><protocol Sync="TRUE">Local Area Network</protocol></onLineSrc><transSize Sync="TRUE">2.508</transSize></distorTran><distorFormat><formatName Sync="TRUE">Shapefile</formatName></distorFormat></distributor></distInfo><refSysInfo><RefSystem><refSysID><identCode Sync="TRUE">NAD_1983_StatePlane_Washington_South_FIPS_4602_Feet</identCode></refSysID></RefSystem></refSysInfo><spatRepInfo><VectSpatRep><topLvl><TopoLevCd Sync="TRUE" value="001"></TopoLevCd></topLvl><geometObjs Name="decrease24k"><geoObjTyp><GeoObjTypCd Sync="TRUE" value="001"></GeoObjTypCd></geoObjTyp><geoObjCnt Sync="TRUE">223</geoObjCnt></geometObjs></VectSpatRep></spatRepInfo><mdDateSt Sync="TRUE">20040208</mdDateSt></metadata>
