<?xml version="1.0" encoding="ISO-8859-1"?>
<metadata>
	<idinfo>
		<citation>
			<citeinfo>
				<origin>Transportation Data Office, Roadway Division</origin>
				<pubdate>20030306</pubdate>
				<title>State Route GIS Road Log, Rest Areas</title>
				<geoform>tabular digital data</geoform>
				<pubinfo>
					<pubplace>Olympia, Washington</pubplace>
					<publish>Washington State Department of Transportation</publish>
				</pubinfo>
				<ftname Sync="TRUE">RestAreasAll</ftname><onlink Sync="TRUE">\\CHANGLAP\C$\rev_3\data_solved\chap17\RestAreasAll</onlink></citeinfo>
		</citation>
		<descript>
			<abstract>This data depicts the locations of rest areas that are located along Washington's State Routes.  State Route identifiers and locations based on State Route Mileposts and Accumulated Route Mileage are also included for geographic reference and for use with the Washington State Department of Transportation's 24k and 500k Linear Referencing Systems.</abstract>
			<purpose>To enable Geographic Information System users to more easily display and analyze a subset of the data contained in the State Highway Log in conjunction with the Washington State 24k and 500k Linear Referencing Systems.</purpose>
			<supplinf>
Additional information can be found in the "State Highway Log", Electronic State Highway Log Data Definitions.doc, and the DOTarmcalc01.txt through the Point of Contact below.

This data reflects that which will appear in the published 2003 State Highway Log.
</supplinf>
			<langdata Sync="TRUE">en</langdata></descript>
		<timeperd>
			<timeinfo>
				<sngdate>
					<caldate>20030306</caldate>
					<time>unknown</time>
				</sngdate>
			</timeinfo>
			<current>ground condition</current>
		</timeperd>
		<status>
			<progress>Complete</progress>
			<update>Annually</update>
		</status>
		<spdom>
			<bounding>
				<westbc>-125</westbc>
				<eastbc>-116.875</eastbc>
				<northbc>49</northbc>
				<southbc>45.5</southbc>
			</bounding>
		</spdom>
		<keywords>
			<theme>
				<themekt>None</themekt>
				<themekey>State Highway Log</themekey>
				<themekey>Road Log</themekey>
				<themekey>TRIPS</themekey>
				<themekey>State Route Data</themekey>
				<themekey>Highway Data</themekey>
				<themekey>Rest Areas</themekey>
			</theme>
			<place>
				<placekt>None</placekt>
				<placekey>Washington State</placekey>
				<placekey>Washington</placekey>
				<placekey>WA</placekey>
				<placekey>United States</placekey>
				<placekey>USA</placekey>
				<placekey>Pacific Northwest</placekey>
			</place>
		</keywords>
		<accconst>None</accconst>
		<useconst>The data contained within the Electronic GIS State Highway Log is collected and updated using contract plans, field reviews and information provided by numerous WSDOT Regional and Headquarters offices as well as other county and city sources.  Due to the diverse sources of this data, no accuracy statement is available.  Also, this data may have changed since the publication date.  If you find an error with this data and can provide updated information, please contact the Transportation Data Office at (360) 570-2361 or fax (360) 570-2400.  We are continuously looking for sources to provide us with quality information.</useconst>
		<ptcontac>
			<cntinfo>
				<cntperp>
					<cntper>Allen Blake</cntper>
					<cntorg>Transportation Data Office, Washington State Department of Transportation</cntorg>
				</cntperp>
				<cntpos>GIS/GPS  Analyst</cntpos>
				<cntaddr>
					<addrtype>physical address</addrtype>
					<address>PO Box 47380</address>
					<city>Olympia</city>
					<state>WA</state>
					<postal>98504-7380</postal>
					<country>USA</country>
				</cntaddr>
				<cntvoice>360-570-2363</cntvoice>
				<cntemail>blaket@wsdot.wa.gov</cntemail>
			</cntinfo>
		</ptcontac>
		<datacred>Washington State Department of Transportation, Transportation Data Office</datacred>
		<native>ADABAS;  ArcSDE SQL 2000 geodatabase table; and ESRI shapefile</native>
		<crossref>
			<citeinfo>
				<origin>Transportation Data Office</origin>
				<title>State Highway Log</title>
				<geoform>document</geoform>
				<pubinfo>
					<pubplace>Olympia, Washington</pubplace>
					<publish>Washington State Department of Transportation</publish>
				</pubinfo>
				<onlink>http://www.wsdot.wa.gov/mapsdata/tdo/statehighwaylog.htm</onlink>
			</citeinfo>
		</crossref>
		<crossref>
			<citeinfo>
				<origin>Washington State Department of Transportation, Transportation Data Office</origin>
				<pubdate>Unpublished Material</pubdate>
				<title>Transportation Information and Planning Support (TRIPS) Database</title>
				<geoform>tabular digital data</geoform>
			</citeinfo>
		</crossref>
		<natvform Sync="TRUE">dBASE Table</natvform></idinfo>
	<dataqual>
		<attracc>
			<attraccr>Values were obtained from the Transportation Information and Planning Support (TRIPS) database.</attraccr>
		</attracc>
		<complete>
The data contained within the Electronic GIS State Highway Log is collected and updated using contract plans, field reviews and information provided by numerous WSDOT Regional and Headquarters offices as well as other county and city sources over the course of a year.  This data may have changed since the publication date.

Only those records that have a SRID (State Route Identifier) found in the Washington State Highways at 24K Linear Referencing System can be graphically placed as events.  SRIDs that have been added or revised since the completeness date of the LRS will not place, nor will SRIDs for road features not carried by the LRS - like frontage roads or interchange crossroads.
</complete>
		<posacc>
			<horizpa>
				<horizpar>Positional accuracy of this data set has not been determined</horizpar>
			</horizpa>
		</posacc>
		<lineage>
			<srcinfo>
				<srccite>
					<citeinfo>
						<origin>Washington State Department of Transportation, Transportation Data Office</origin>
						<pubdate>Unpublished Material</pubdate>
						<title>Transportation Information and Planning Support (TRIPS) Database</title>
						<geoform>tabular digital data</geoform>
					</citeinfo>
				</srccite>
				<srctime>
					<timeinfo>
						<sngdate>
							<caldate>20030306</caldate>
							<time>unknown</time>
						</sngdate>
					</timeinfo>
					<srccurr>ground condition</srccurr>
				</srctime>
				<srccitea>Transportation Information and Planning System (TRIPS) Database</srccitea>
				<srccontr>Tabular data including state route identifiers, locations along state routes, limited geometric information, and limited features and associated feature information.</srccontr>
			</srcinfo>
			<procstep>
				<procdesc>Data used to create the State Highway Log Planning Report was extracted from the Transportation Information and Planning System (TRIPS) database.  Some fields were removed and new fields added.  The file was processed with the ARMCalc module to obtain ARM values for placement on the 24k and 500k Linear Referencing Systems.</procdesc>
				<srcused>Transportation Information and Planning System (TRIPS) Database</srcused>
				<procdate>20030306</procdate>
				<proccont>
					<cntinfo>
						<cntperp>
							<cntper>Allen Blake</cntper>
							<cntorg>Transportation Data Office, Washington State Department of Transportation</cntorg>
						</cntperp>
						<cntpos>GIS/GPS  Analyst</cntpos>
						<cntaddr>
							<addrtype>physical address</addrtype>
							<address>PO Box 47380</address>
							<city>Olympia</city>
							<state>WA</state>
							<postal>98504-7380</postal>
							<country>USA</country>
						</cntaddr>
						<cntvoice>360-570-2363</cntvoice>
						<cntemail>blaket@wsdot.wa.gov</cntemail>
					</cntinfo>
				</proccont>
			</procstep>
			<procstep>
				<procdesc>The data was then imported into an ArcSDE SQL database and queried to return a table for rest areas.  This table can be used with the State Routes at 24K Linear Referencing System to graphically depict the location of rest areas as point events.</procdesc>
				<procdate>3/14/2003</procdate>
				<proccont>
					<cntinfo>
						<cntperp>
							<cntper>Michelle Blake</cntper>
							<cntorg>WSDOT Information Technology</cntorg>
						</cntperp>
						<cntpos>GIS Data Administrator</cntpos>
						<cntaddr>
							<addrtype>mailing address</addrtype>
							<address>PO BOX 47430</address>
							<city>Olympia</city>
							<state>WA</state>
							<postal>98504-7430</postal>
							<country>USA</country>
						</cntaddr>
						<cntaddr>
							<addrtype>physical address</addrtype>
							<address>809 Legion Way SE</address>
							<city>Olympia</city>
							<state>WA</state>
							<postal>98501</postal>
							<country>USA</country>
						</cntaddr>
						<cntvoice>360-705-7797</cntvoice>
						<cntfax>360-705-6817</cntfax>
						<cntemail>blakem@wsdot.wa.go</cntemail>
						<cntinst>Call, email or write with requests for geo-spatial data sets.</cntinst>
					</cntinfo>
				</proccont>
			</procstep>
			<procstep><procdesc Sync="TRUE">Dataset copied.</procdesc><srcused Sync="TRUE">Server=ursaminor; Service=5151; Database=TransFeatures; User=base; Version=sde.DEFAULT</srcused><date Sync="TRUE">20030320</date><time Sync="TRUE">08182200</time></procstep><procstep><procdesc Sync="TRUE">Dataset copied.</procdesc><srcused Sync="TRUE">C:\geog475\resources\wa_hwy\RestAreasAll</srcused><date Sync="TRUE">20040208</date><time Sync="TRUE">09474300</time></procstep><procstep><procdesc Sync="TRUE">Dataset copied.</procdesc><srcused Sync="TRUE">C:\geog475\data_solved\ex5\RestAreasAll</srcused><date Sync="TRUE">20040715</date><time Sync="TRUE">17492900</time></procstep><procstep><procdesc Sync="TRUE">Dataset copied.</procdesc><srcused Sync="TRUE">E:\data\RestAreasAll</srcused><date Sync="TRUE">20040716</date><time Sync="TRUE">07460900</time></procstep></lineage>
		<cloud>0</cloud>
	</dataqual>
	<spdoinfo>
		<direct>Point</direct>
	</spdoinfo>
	<spref>
		<horizsys>
			<geograph>
				<latres>0</latres>
				<longres>0</longres>
			</geograph>
			<geodetic>
				<horizdn>North American Datum of 1983</horizdn>
				<ellips>Geodetic Reference System 80</ellips>
				<semiaxis>6378137</semiaxis>
				<denflat>298.257</denflat>
			</geodetic>
		</horizsys>
	</spref>
	<eainfo>
		<detailed Name="RestAreasAll">
			<enttyp>
				<enttypl>Rest Areas</enttypl>
				<enttypd>Rest Areas, typically published in the State Highway Log, that are located along Washington State Department of Transportation (WSDOT) highways, including interstate, U.S., and state routes with limited Geometric information.</enttypd>
				<enttypt Sync="TRUE">Table</enttypt><enttypc Sync="TRUE">50</enttypc></enttyp>
			<attr>
				<attrlabl>ARM</attrlabl>
				<attrdef>Accumulated Route Mile - The route mile accumulated from the beginning of a State Route in the direction of the roadway.</attrdef>
				<attrdefs>Electronic State Highway Log Data Definitions</attrdefs>
				<attalias Sync="TRUE">OID</attalias><attrtype Sync="TRUE">OID</attrtype><attwidth Sync="TRUE">4</attwidth><atprecis Sync="TRUE">0</atprecis><attscale Sync="TRUE">0</attscale><attrdomv><udom Sync="TRUE">Sequential unique whole numbers that are automatically generated.</udom></attrdomv></attr>
			<attr>
				<attrlabl>ARM_LRS</attrlabl>
				<attrdef>ARM value returned from the ARMCalc module for each record to be used in placing the record on the Washington State Department of Transportation's 24k and 500k Linear Referencing Systems.</attrdef>
				<begdatea>20000426</begdatea>
				<attalias Sync="TRUE">TRIPSID</attalias><attrtype Sync="TRUE">Number</attrtype><attwidth Sync="TRUE">10</attwidth></attr>
			<attr>
				<attrlabl>CITYNUM</attrlabl>
				<attrdef>City Number - The City Number assigned to a city by the Census Bureau.</attrdef>
				<attrdefs>Electronic State Highway Log Data Definitions</attrdefs>
				<attalias Sync="TRUE">SRID</attalias><attrtype Sync="TRUE">String</attrtype><attwidth Sync="TRUE">13</attwidth></attr>
			<attr>
				<attrlabl>COUNTY</attrlabl>
				<attrdef>County Name - This is the name of the administrative subdivisions of the State of Washington.</attrdef>
				<attrdefs>Electronic State Highway Log Data Definitions</attrdefs>
				<attalias Sync="TRUE">SRMP</attalias><attrtype Sync="TRUE">Number</attrtype><attwidth Sync="TRUE">6</attwidth><atnumdec Sync="TRUE">2</atnumdec></attr>
			<attr>
				<attrlabl>DISTRICT</attrlabl>
				<attrdef>Region Number - This is the number that describes the subdivisions of WSDOT as currently defined in the Chart of Accounts.</attrdef>
				<attrdefs>Electronic State Highway Log Data Definitions</attrdefs>
				<attrdomv>
					<edom>
						<edomv>0</edomv>
						<edomvd>Headquarters</edomvd>
						<edomvds>Electronic State Highway Log Data Definitions</edomvds>
					</edom>
					<edom>
						<edomv>1</edomv>
						<edomvd>Northwest Region</edomvd>
						<edomvds>Electronic State Highway Log Data Definitions</edomvds>
					</edom>
					<edom>
						<edomv>2</edomv>
						<edomvd>Northcentral Region</edomvd>
						<edomvds>Electronic State Highway Log Data Definitions</edomvds>
					</edom>
					<edom>
						<edomv>3</edomv>
						<edomvd>Olympic Region</edomvd>
						<edomvds>Electronic State Highway Log Data Definitions</edomvds>
					</edom>
					<edom>
						<edomv>4</edomv>
						<edomvd>Southwest Region</edomvd>
						<edomvds>Electronic State Highway Log Data Definitions</edomvds>
					</edom>
					<edom>
						<edomv>5</edomv>
						<edomvd>Southcentral Region</edomvd>
						<edomvds>Electronic State Highway Log Data Definitions</edomvds>
					</edom>
					<edom>
						<edomv>6</edomv>
						<edomvd>Eastern Region</edomvd>
						<edomvds>Electronic State Highway Log Data Definitions</edomvds>
					</edom>
					<edom>
						<edomv>7</edomv>
						<edomvd>Inactive</edomvd>
						<edomvds>Electronic State Highway Log Data Definitions</edomvds>
					</edom>
					<edom>
						<edomv>8</edomv>
						<edomvd>UAB-Urban Arterial Board</edomvd>
						<edomvds>Electronic State Highway Log Data Definitions</edomvds>
					</edom>
					<edom>
						<edomv>9</edomv>
						<edomvd>Washington State Ferries</edomvd>
						<edomvds>Electronic State Highway Log Data Definitions</edomvds>
					</edom>
				</attrdomv>
				<attalias Sync="TRUE">SRMPAB</attalias><attrtype Sync="TRUE">String</attrtype><attwidth Sync="TRUE">3</attwidth></attr>
			<attr>
				<attrlabl>DIVIDERIND</attrlabl>
				<attrdef>Indicates if the highway is divided by a median.</attrdef>
				<attrdomv>
					<edom>
						<edomv>&lt;null&gt;</edomv>
						<edomvd>Highway is not divided by a median.</edomvd>
					</edom>
					<edom>
						<edomv>Y</edomv>
						<edomvd>Highway is divided by a median.</edomvd>
					</edom>
				</attrdomv>
				<attalias Sync="TRUE">ARM</attalias><attrtype Sync="TRUE">Number</attrtype><attwidth Sync="TRUE">6</attwidth><atnumdec Sync="TRUE">2</atnumdec></attr>
			<attr>
				<attrlabl>ERRORCODE</attrlabl>
				<attrdef>Error code associated with each record from the ARMCalc module.</attrdef>
				<attrdomv>
					<edom>
						<edomv>0</edomv>
						<edomvd>No error</edomvd>
					</edom>
					<edom>
						<edomv>272</edomv>
						<edomvd>FATAL - SR, RRT, RRQ, or SRMP/ARM not found on file</edomvd>
					</edom>
					<edom>
						<edomv>278</edomv>
						<edomvd>FATAL - Reference date is out of range</edomvd>
					</edom>
					<edom>
						<edomv>286</edomv>
						<edomvd>FATAL - Invalid SR, Invalid RDWY Type requested</edomvd>
					</edom>
					<edom>
						<edomv>299</edomv>
						<edomvd>Requested SRMP has been closed</edomvd>
					</edom>
					<edom>
						<edomv>401</edomv>
						<edomvd>Unable to calculate previous SRMP</edomvd>
					</edom>
				</attrdomv>
				<attalias Sync="TRUE">ARM_LRS</attalias><attrtype Sync="TRUE">Number</attrtype><attwidth Sync="TRUE">6</attwidth><atnumdec Sync="TRUE">2</atnumdec></attr>
			<attr>
				<attrlabl>FEATDESCR</attrlabl>
				<attrdef>Feature Description - A description of the feature.</attrdef>
				<attrdefs>Electronic State Highway Log Data Definitions</attrdefs>
				<attalias Sync="TRUE">FEATLAB</attalias><attrtype Sync="TRUE">String</attrtype><attwidth Sync="TRUE">12</attwidth></attr>
			<attr>
				<attrlabl>FEATILLUM</attrlabl>
				<attrdef>Feature Illumination Indicator - Identifies the presence of any artificial illumination at intersections or ramps.</attrdef>
				<attrdefs>Electronic State Highway Log Data Definitions</attrdefs>
				<attrdomv>
					<edom>
						<edomv>Y</edomv>
						<edomvd>Yes</edomvd>
						<edomvds>Electronic State Highway Log Data Definitions</edomvds>
					</edom>
					<edom>
						<edomv>N</edomv>
						<edomvd>No</edomvd>
						<edomvds>Electronic State Highway Log Data Definitions</edomvds>
					</edom>
				</attrdomv>
				<attalias Sync="TRUE">RDINVDIR</attalias><attrtype Sync="TRUE">String</attrtype><attwidth Sync="TRUE">3</attwidth></attr>
			<attr>
				<attrlabl>FEATLAB</attrlabl>
				<attrdef>Feature label - Label assigned to the highway feature.</attrdef>
				<attalias Sync="TRUE">RDLRIND</attalias><attrtype Sync="TRUE">String</attrtype><attwidth Sync="TRUE">4</attwidth></attr>
			<attr>
				<attrlabl>FEATOWN</attrlabl>
				<attrdef>Feature Owner Code.</attrdef>
				<attrdefs>Electronic State Highway Log Data Definitions</attrdefs>
				<attrdomv>
					<edom>
						<edomv>ST</edomv>
						<edomvd>State</edomvd>
						<edomvds>Electronic State Highway Log Data Definitions</edomvds>
					</edom>
					<edom>
						<edomv>FS</edomv>
						<edomvd>Forest Service</edomvd>
						<edomvds>Electronic State Highway Log Data Definitions</edomvds>
					</edom>
					<edom>
						<edomv>PV</edomv>
						<edomvd>Private</edomvd>
						<edomvds>Electronic State Highway Log Data Definitions</edomvds>
					</edom>
					<edom>
						<edomv>SO</edomv>
						<edomvd>State/County</edomvd>
						<edomvds>Electronic State Highway Log Data Definitions</edomvds>
					</edom>
					<edom>
						<edomv>CO</edomv>
						<edomvd>County</edomvd>
						<edomvds>Electronic State Highway Log Data Definitions</edomvds>
					</edom>
					<edom>
						<edomv>PK</edomv>
						<edomvd>Park Service</edomvd>
						<edomvds>Electronic State Highway Log Data Definitions</edomvds>
					</edom>
					<edom>
						<edomv>MY</edomv>
						<edomvd>Military</edomvd>
						<edomvds>Electronic State Highway Log Data Definitions</edomvds>
					</edom>
					<edom>
						<edomv>SI</edomv>
						<edomvd>State/City</edomvd>
						<edomvds>Electronic State Highway Log Data Definitions</edomvds>
					</edom>
					<edom>
						<edomv>CT</edomv>
						<edomvd>City</edomvd>
						<edomvds>Electronic State Highway Log Data Definitions</edomvds>
					</edom>
					<edom>
						<edomv>RS</edomv>
						<edomvd>Reservation</edomvd>
						<edomvds>Electronic State Highway Log Data Definitions</edomvds>
					</edom>
					<edom>
						<edomv>OT</edomv>
						<edomvd>Other</edomvd>
						<edomvds>Electronic State Highway Log Data Definitions</edomvds>
					</edom>
					<edom>
						<edomv>CC</edomv>
						<edomvd>County/City</edomvd>
						<edomvds>Electronic State Highway Log Data Definitions</edomvds>
					</edom>
				</attrdomv>
				<attalias Sync="TRUE">FEATDESCR</attalias><attrtype Sync="TRUE">String</attrtype><attwidth Sync="TRUE">26</attwidth></attr>
			<attr>
				<attrlabl>INTTRAFCON</attrlabl>
				<attrdef>Intersection -Traffic Control - Identifies the presence and type of any traffic control devices at the intersection.</attrdef>
				<attrdefs>Electronic State Highway Log Data Definitions</attrdefs>
				<attrdomv>
					<edom>
						<edomv>SS</edomv>
						<edomvd>Stop Sign</edomvd>
						<edomvds>Electronic State Highway Log Data Definitions</edomvds>
					</edom>
					<edom>
						<edomv>AF</edomv>
						<edomvd>Amber Flashing</edomvd>
						<edomvds>Electronic State Highway Log Data Definitions</edomvds>
					</edom>
					<edom>
						<edomv>OT</edomv>
						<edomvd>Other Traffic Control</edomvd>
						<edomvds>Electronic State Highway Log Data Definitions</edomvds>
					</edom>
					<edom>
						<edomv>SZ</edomv>
						<edomvd>School Zone</edomvd>
						<edomvds>Electronic State Highway Log Data Definitions</edomvds>
					</edom>
					<edom>
						<edomv>SG</edomv>
						<edomvd>Stop and Go (Signal)</edomvd>
						<edomvds>Electronic State Highway Log Data Definitions</edomvds>
					</edom>
					<edom>
						<edomv>RF</edomv>
						<edomvd>Red Flashing</edomvd>
						<edomvds>Electronic State Highway Log Data Definitions</edomvds>
					</edom>
					<edom>
						<edomv>YS</edomv>
						<edomvd>Yield Sign</edomvd>
						<edomvds>Electronic State Highway Log Data Definitions</edomvds>
					</edom>
					<edom>
						<edomv>RS</edomv>
						<edomvd>Railroad Signal</edomvd>
						<edomvds>Electronic State Highway Log Data Definitions</edomvds>
					</edom>
					<edom>
						<edomv>&lt;null&gt;</edomv>
						<edomvd>No Traffic Control</edomvd>
						<edomvds>Electronic State Highway Log Data Definitions</edomvds>
					</edom>
					<edom>
						<edomv>PC</edomv>
						<edomvd>Pedestrian Control</edomvd>
						<edomvds>Electronic State Highway Log Data Definitions</edomvds>
					</edom>
					<edom>
						<edomv>FS</edomv>
						<edomvd>Fire Signal</edomvd>
						<edomvds>Electronic State Highway Log Data Definitions</edomvds>
					</edom>
					<edom>
						<edomv>OF</edomv>
						<edomvd>Officer or Flagman</edomvd>
						<edomvds>Electronic State Highway Log Data Definitions</edomvds>
					</edom>
				</attrdomv>
				<attalias Sync="TRUE">FEATOWN</attalias><attrtype Sync="TRUE">String</attrtype><attwidth Sync="TRUE">4</attwidth></attr>
			<attr>
				<attrlabl>LEGSPDDEC</attrlabl>
				<attrdef>Legal Speed Limit Decreasing Direction - Official speed limit as designated for decreasing direction of the roadway.</attrdef>
				<attrdefs>Electronic State Highway Log Data Definitions</attrdefs>
				<attalias Sync="TRUE">INTTRAFCON</attalias><attrtype Sync="TRUE">String</attrtype><attwidth Sync="TRUE">4</attwidth></attr>
			<attr>
				<attrlabl>LEGSPDINC</attrlabl>
				<attrdef>Legal Speed Limit Increasing and Both Directions - Official speed limit as designated for increasing or both directions of the roadway if the speed limit is the same.</attrdef>
				<attrdefs>Electronic State Highway Log Data Definitions</attrdefs>
				<attalias Sync="TRUE">FEATILLUM</attalias><attrtype Sync="TRUE">String</attrtype><attwidth Sync="TRUE">3</attwidth></attr>
			<attr>
				<attrlabl>MAINTAREA</attrlabl>
				<attrdef>Maintenance Area Number - Identifies a WSDOT maintenance area within a WSDOT Region.</attrdef>
				<attrdefs>Electronic State Highway Log Data Definitions</attrdefs>
				<attalias Sync="TRUE">RDDECLNS</attalias><attrtype Sync="TRUE">Number</attrtype><attwidth Sync="TRUE">5</attwidth></attr>
			<attr>
				<attrlabl>MAINTSEC</attrlabl>
				<attrdef>Maintenance Section Number - Identifies a WSDOT maintenance section within a WSDOT Region maintenance area.</attrdef>
				<attrdefs>Electronic State Highway Log Data Definitions</attrdefs>
				<attalias Sync="TRUE">RDINCLNS</attalias><attrtype Sync="TRUE">Number</attrtype><attwidth Sync="TRUE">5</attwidth></attr>
			<attr>
				<attrlabl>RDDECLNS</attrlabl>
				<attrdef>Roadway Decreasing Number Lanes - Number of lanes in decreasing direction of the roadway.</attrdef>
				<attrdefs>Electronic State Highway Log Data Definitions</attrdefs>
				<attalias Sync="TRUE">DIVIDERIND</attalias><attrtype Sync="TRUE">String</attrtype><attwidth Sync="TRUE">3</attwidth></attr>
			<attr>
				<attrlabl>RDINCLNS</attrlabl>
				<attrdef>Roadway Increasing Number Lanes - Number of lanes in increasing direction of the roadway.</attrdef>
				<attrdefs>Electronic State Highway Log Data Definitions</attrdefs>
				<attalias Sync="TRUE">STFUNCCLAS</attalias><attrtype Sync="TRUE">String</attrtype><attwidth Sync="TRUE">4</attwidth></attr>
			<attr>
				<attrlabl>RDINVDIR</attrlabl>
				<attrdef>Roadway Inventory Direction - Indicates which direction of mileposting on a state route the data record is associated with.  NOTE: This field most commonly indicates the direction of mileposting related to the feature listed in the Feature Label field.  Roadway Inventory Direction on records without a Feature Label or Feature Description is most commonly determined by changes in the remaining fields containing Roadway Geometric and Classification data.  Changes can occur to Roadway Geometric and Classification data that are not reflected in the Roadway Inventory Direction field if they occur at the same location (SRMP/ARM) as a Feature that has an associated Roadway Inventory Direction.</attrdef>
				<attrdefs>Electronic State Highway Log Data Definitions</attrdefs>
				<attrdomv>
					<edom>
						<edomv>I</edomv>
						<edomvd>Increasing (represents features associated with the increasing milepost direction of the traveled way).</edomvd>
						<edomvds>Electronic State Highway Log Data Definitions</edomvds>
					</edom>
					<edom>
						<edomv>D</edomv>
						<edomvd>Decreasing (represents features associated with the decreasing milepost direction of the traveled way).</edomvd>
						<edomvds>Electronic State Highway Log Data Definitions</edomvds>
					</edom>
					<edom>
						<edomv>B</edomv>
						<edomvd>Represents features associated with both directions of the traveled way.</edomvd>
						<edomvds>Electronic State Highway Log Data Definitions</edomvds>
					</edom>
				</attrdomv>
				<attalias Sync="TRUE">LEGSPDDEC</attalias><attrtype Sync="TRUE">Number</attrtype><attwidth Sync="TRUE">5</attwidth></attr>
			<attr>
				<attrlabl>RDLRIND</attrlabl>
				<attrdef>Roadway Left Right Indicator - Indicators show location of feature in relation to increasing direction of roadway.</attrdef>
				<attrdefs>Electronic State Highway Log Data Definitions</attrdefs>
				<attrdomv>
					<edom>
						<edomv>L</edomv>
						<edomvd>Left (represents features located outside of the decreasing traveled way).</edomvd>
						<edomvds>Electronic State Highway Log Data Definitions</edomvds>
					</edom>
					<edom>
						<edomv>LC</edomv>
						<edomvd>Left Center (represents features located on the median side of the decreasing traveled way).</edomvd>
						<edomvds>Electronic State Highway Log Data Definitions</edomvds>
					</edom>
					<edom>
						<edomv>C</edomv>
						<edomvd>Center (represents features located between the decreasing traveled way and the increasing traveled way).</edomvd>
						<edomvds>Electronic State Highway Log Data Definitions</edomvds>
					</edom>
					<edom>
						<edomv>B</edomv>
						<edomvd>Both (represents features located on both the outside of the decreasing traveled way and outside of the increasing traveled way).</edomvd>
						<edomvds>Electronic State Highway Log Data Definitions</edomvds>
					</edom>
					<edom>
						<edomv>RC</edomv>
						<edomvd>Right Center (represents features located on the median side of the increasing traveled way).</edomvd>
						<edomvds>Electronic State Highway Log Data Definitions</edomvds>
					</edom>
					<edom>
						<edomv>R</edomv>
						<edomvd>Right (represents features located on the outside of the increasing traveled way).</edomvd>
						<edomvds>Electronic State Highway Log Data Definitions</edomvds>
					</edom>
				</attrdomv>
				<attalias Sync="TRUE">LEGSPDINC</attalias><attrtype Sync="TRUE">Number</attrtype><attwidth Sync="TRUE">5</attwidth></attr>
			<attr>
				<attrlabl>RDOWN</attrlabl>
				<attrdef>Roadway Owner Code - This element is used to identify the level of government that has responsibility for a roadway.</attrdef>
				<attrdefs>Electronic State Highway Log Data Definitions</attrdefs>
				<attrdomv>
					<edom>
						<edomv>SRSH</edomv>
						<edomvd>State Route - State Highway Agency</edomvd>
						<edomvds>Electronic State Highway Log Data Definitions</edomvds>
					</edom>
					<edom>
						<edomv>ISSH</edomv>
						<edomvd>Interstate - State Highway Agency</edomvd>
						<edomvds>Electronic State Highway Log Data Definitions</edomvds>
					</edom>
					<edom>
						<edomv>USSH</edomv>
						<edomvd>U.S. Route - State Highway Agency</edomvd>
						<edomvds>Electronic State Highway Log Data Definitions</edomvds>
					</edom>
				</attrdomv>
				<attalias Sync="TRUE">SR</attalias><attrtype Sync="TRUE">String</attrtype><attwidth Sync="TRUE">5</attwidth></attr>
			<attr>
				<attrlabl>RRQ</attrlabl>
				<attrdef>State Route Related Roadway Qualifier - Related roadway qualifier uniquely identifies related roadway types for a state route.</attrdef>
				<attrdefs>Electronic State Highway Log Data Definitions</attrdefs>
				<attrdomv>
					<edom>
						<edomv>&lt;null&gt;</edomv>
						<edomvd>Mainline</edomvd>
					</edom>
					<edom>
						<edomv>Not null</edomv>
						<edomvd>Combination of numbers and letters that uniquely identifies the Related Roadway Type.  May include State Route Milepost minus the decimal, back mile indicator "B", reversible "R", abbreviated name descriptions or other descriptors.</edomvd>
					</edom>
				</attrdomv>
				<attalias Sync="TRUE">RRT</attalias><attrtype Sync="TRUE">String</attrtype><attwidth Sync="TRUE">4</attwidth></attr>
			<attr>
				<attrlabl>RRT</attrlabl>
				<attrdef>State Route Related Roadway Type - Related roadway type indicates a classification of a roadway associated with a mainline state route.</attrdef>
				<attrdefs>Electronic State Highway Log Data Definitions</attrdefs>
				<attrdomv>
					<edom>
						<edomv>&lt;null&gt;</edomv>
						<edomvd>Mainline</edomvd>
						<edomvds>Electronic State Highway Log Data Definitions</edomvds>
					</edom>
					<edom>
						<edomv>AR</edomv>
						<edomvd>Alternate Route</edomvd>
						<edomvds>Electronic State Highway Log Data Definitions</edomvds>
					</edom>
					<edom>
						<edomv>CD</edomv>
						<edomvd>Collector - Distributor - Decreasing</edomvd>
						<edomvds>Electronic State Highway Log Data Definitions</edomvds>
					</edom>
					<edom>
						<edomv>CI</edomv>
						<edomvd>Collector - Distributor - Increasing</edomvd>
						<edomvds>Electronic State Highway Log Data Definitions</edomvds>
					</edom>
					<edom>
						<edomv>CO</edomv>
						<edomvd>Couplet</edomvd>
						<edomvds>Electronic State Highway Log Data Definitions</edomvds>
					</edom>
					<edom>
						<edomv>FD</edomv>
						<edomvd>Frontage Road - Decreasing</edomvd>
						<edomvds>Electronic State Highway Log Data Definitions</edomvds>
					</edom>
					<edom>
						<edomv>FI</edomv>
						<edomvd>Frontage Road - Increasing</edomvd>
						<edomvds>Electronic State Highway Log Data Definitions</edomvds>
					</edom>
					<edom>
						<edomv>FT</edomv>
						<edomvd>Ferry Terminal</edomvd>
						<edomvds>Electronic State Highway Log Data Definitions</edomvds>
					</edom>
					<edom>
						<edomv>FS</edomv>
						<edomvd>Ferry Ship (boat)</edomvd>
						<edomvds>Electronic State Highway Log Data Definitions</edomvds>
					</edom>
					<edom>
						<edomv>HD</edomv>
						<edomvd>Grade separated HOV Lane - Decreasing</edomvd>
						<edomvds>Electronic State Highway Log Data Definitions</edomvds>
					</edom>
					<edom>
						<edomv>HI</edomv>
						<edomvd>Grade separated HOV Lane - Increasing</edomvd>
						<edomvds>Electronic State Highway Log Data Definitions</edomvds>
					</edom>
					<edom>
						<edomv>LX</edomv>
						<edomvd>Crossroad within Interchange</edomvd>
						<edomvds>Electronic State Highway Log Data Definitions</edomvds>
					</edom>
					<edom>
						<edomv>PR</edomv>
						<edomvd>Proposed Route</edomvd>
						<edomvds>Electronic State Highway Log Data Definitions</edomvds>
					</edom>
					<edom>
						<edomv>RL</edomv>
						<edomvd>Reversible Lane</edomvd>
						<edomvds>Electronic State Highway Log Data Definitions</edomvds>
					</edom>
					<edom>
						<edomv>SP</edomv>
						<edomvd>Spur</edomvd>
						<edomvds>Electronic State Highway Log Data Definitions</edomvds>
					</edom>
					<edom>
						<edomv>TB</edomv>
						<edomvd>Transitional Turnback</edomvd>
						<edomvds>Electronic State Highway Log Data Definitions</edomvds>
					</edom>
					<edom>
						<edomv>TR</edomv>
						<edomvd>Temporary Route</edomvd>
						<edomvds>Electronic State Highway Log Data Definitions</edomvds>
					</edom>
					<edom>
						<edomv>UC</edomv>
						<edomvd>Under Construction</edomvd>
						<edomvds>Electronic State Highway Log Data Definitions</edomvds>
					</edom>
					<edom>
						<edomv>P1-P9</edomv>
						<edomvd>Off Ramp - Increasing, P4 contained only within Urban Interchanges</edomvd>
						<edomvds>Electronic State Highway Log Data Definitions</edomvds>
					</edom>
					<edom>
						<edomv>Q1-Q9</edomv>
						<edomvd>On Ramp - Increasing, Q4 contained only within Urban Interchanges</edomvd>
						<edomvds>Electronic State Highway Log Data Definitions</edomvds>
					</edom>
					<edom>
						<edomv>R1-R9</edomv>
						<edomvd>Off Ramp - Decreasing, R4 contained only within Urban Interchanges</edomvd>
						<edomvds>Electronic State Highway Log Data Definitions</edomvds>
					</edom>
					<edom>
						<edomv>S1-S9</edomv>
						<edomvd>On Ramp - Decreasing, S4 contained only within Urban Interchanges</edomvd>
						<edomvds>Electronic State Highway Log Data Definitions</edomvds>
					</edom>
				</attrdomv>
				<attalias Sync="TRUE">RRQ</attalias><attrtype Sync="TRUE">String</attrtype><attwidth Sync="TRUE">8</attwidth></attr>
			<attr>
				<attrlabl>SR</attrlabl>
				<attrdef>State Route - A number used to identify roadways within and passing through the state of Washington.</attrdef>
				<attrdefs>Electronic State Highway Log Data Definitions</attrdefs>
				<attalias Sync="TRUE">RDOWN</attalias><attrtype Sync="TRUE">String</attrtype><attwidth Sync="TRUE">6</attwidth></attr>
			<attr>
				<attrlabl>SRID</attrlabl>
				<attrdef>State Route unique identifier composed of SR, RRT, and RRQ.</attrdef>
				<attalias Sync="TRUE">DISTRICT</attalias><attrtype Sync="TRUE">String</attrtype><attwidth Sync="TRUE">3</attwidth></attr>
			<attr>
				<attrlabl>SRMP</attrlabl>
				<attrdef>State Route Milepost - sequential number, in designated direction of travel, of 1/100th mile increments along a State Route.</attrdef>
				<attrdefs>Electronic State Highway Log Data Definitions</attrdefs>
				<attalias Sync="TRUE">MAINTAREA</attalias><attrtype Sync="TRUE">String</attrtype><attwidth Sync="TRUE">3</attwidth></attr>
			<attr>
				<attrlabl>SRMPAB</attrlabl>
				<attrdef>State Route Mile Post A (ahead) B (back)-Indicator - Indicates whether the milepost value is the 'back' duplicate of a milepost value 'ahead' on the route.  This is due to a change in route length caused by a re-alignment that would lengthen a route.  Ahead values have an implied 'A' (blank) Back milepost values are shown as 'B'.</attrdef>
				<attrdefs>Electronic State Highway Log Data Definitions</attrdefs>
				<attrdomv>
					<edom>
						<edomv>&lt;null&gt;</edomv>
						<edomvd>Implied A or Ahead</edomvd>
						<edomvds>Electronic State Highway Log Data Definitions</edomvds>
					</edom>
					<edom>
						<edomv>B</edomv>
						<edomvd>Back or duplicate of a milepost value "ahead" on the route.</edomvd>
						<edomvds>Electronic State Highway Log Data Definitions</edomvds>
					</edom>
				</attrdomv>
				<attalias Sync="TRUE">MAINTSEC</attalias><attrtype Sync="TRUE">String</attrtype><attwidth Sync="TRUE">4</attwidth></attr>
			<attr>
				<attrlabl>STFUNCCLAS</attrlabl>
				<attrdef>State Functional Class - State Functional Classification.</attrdef>
				<attrdefs>Electronic State Highway Log Data Definitions</attrdefs>
				<attrdomv>
					<edom>
						<edomv>R1</edomv>
						<edomvd>Rural-Principal Arterial</edomvd>
						<edomvds>Electronic State Highway Log Data Definitions</edomvds>
					</edom>
					<edom>
						<edomv>R2</edomv>
						<edomvd>Rural - Minor Arterial</edomvd>
						<edomvds>Electronic State Highway Log Data Definitions</edomvds>
					</edom>
					<edom>
						<edomv>R3</edomv>
						<edomvd>Rural-Collector</edomvd>
						<edomvds>Electronic State Highway Log Data Definitions</edomvds>
					</edom>
					<edom>
						<edomv>R4</edomv>
						<edomvd>Rural-Unclassified</edomvd>
						<edomvds>Electronic State Highway Log Data Definitions</edomvds>
					</edom>
					<edom>
						<edomv>R5</edomv>
						<edomvd>Rural-Interstate</edomvd>
						<edomvds>Electronic State Highway Log Data Definitions</edomvds>
					</edom>
					<edom>
						<edomv>U1</edomv>
						<edomvd>Urban-Principal Arterial</edomvd>
						<edomvds>Electronic State Highway Log Data Definitions</edomvds>
					</edom>
					<edom>
						<edomv>U2</edomv>
						<edomvd>Urban-Minor Arterial</edomvd>
						<edomvds>Electronic State Highway Log Data Definitions</edomvds>
					</edom>
					<edom>
						<edomv>U3</edomv>
						<edomvd>Urban-Collector</edomvd>
						<edomvds>Electronic State Highway Log Data Definitions</edomvds>
					</edom>
					<edom>
						<edomv>U4</edomv>
						<edomvd>Urban-Unclassified</edomvd>
						<edomvds>Electronic State Highway Log Data Definitions</edomvds>
					</edom>
					<edom>
						<edomv>U5</edomv>
						<edomvd>Urban-Interstate</edomvd>
						<edomvds>Electronic State Highway Log Data Definitions</edomvds>
					</edom>
				</attrdomv>
				<attalias Sync="TRUE">CITYNUM</attalias><attrtype Sync="TRUE">String</attrtype><attwidth Sync="TRUE">6</attwidth></attr>
			<attr>
				<attrlabl>TRIPSID</attrlabl>
				<attrdef>Record Identification Number.</attrdef>
				<attalias Sync="TRUE">COUNTY</attalias><attrtype Sync="TRUE">String</attrtype><attwidth Sync="TRUE">14</attwidth></attr>
			<attr><attrlabl Sync="TRUE">ERRORCODE</attrlabl><attalias Sync="TRUE">ERRORCODE</attalias><attrtype Sync="TRUE">Number</attrtype><attwidth Sync="TRUE">5</attwidth><attrdef Sync="TRUE">Internal feature number.</attrdef><attrdefs Sync="TRUE">ESRI</attrdefs><attrdomv><udom Sync="TRUE">Sequential unique whole numbers that are automatically generated.</udom></attrdomv></attr><attr><attrlabl Sync="TRUE">ObjectID</attrlabl><attalias Sync="TRUE">ObjectID</attalias><attrtype Sync="TRUE">Number</attrtype><attwidth Sync="TRUE">10</attwidth></attr></detailed>
		<overview>
			<eaover>This data depicts the location of rest areas along Washington's State Routes.</eaover>
		</overview>
	</eainfo>
	<distinfo>
		<distrib>
			<cntinfo>
				<cntorgp>
					<cntorg>Washington State Department of Transportation</cntorg>
					<cntper>Michelle Blake</cntper>
				</cntorgp>
				<cntpos>GIS Data Administrator</cntpos>
				<cntaddr>
					<addrtype>mailing address</addrtype>
					<address>PO Box 47430</address>
					<city>Olympia</city>
					<state>WA</state>
					<postal>98504-7430</postal>
					<country>USA</country>
				</cntaddr>
				<cntaddr>
					<addrtype>physical address</addrtype>
					<address>809 Legion Way SE</address>
					<city>Olympia</city>
					<state>WA</state>
					<postal>98501</postal>
					<country>USA</country>
				</cntaddr>
				<cntvoice>360-705-7797</cntvoice>
				<cntfax>360-705-6817</cntfax>
				<cntemail>blakem@wsdot.wa.gov</cntemail>
				<cntinst>Call, email or write with requests for geo-spatial data sets.</cntinst>
			</cntinfo>
		</distrib>
		<resdesc>\gisosc\geodata\maps\noscale\dot_tdo\gisroadlog\restareas.shp and SQL tables located on \\Ursaminor under ArcSDE service 5151 located in the TransFeatures database.  Table name:  RestAreas</resdesc>
		<distliab>The Washington State Department of Transportation shall not be liable for any activity involving these data with regard to lost profits or savings or any other consequential damages; or the fitness for use of the data for a particular purpose; or the installation of the data, its use, or the results obtained.</distliab>
		<stdorder>
			<digform>
				<digtinfo>
					<formspec>Various formats are used: ESRI coverages and shapefiles, and data tables for placement as ArcView "events."</formspec>
					<formcont>
The standard distribution compact disc contains all geospatial data sets created by the Washington State Dept. of Transportation. Refer to the included Geodata.txt text file for a brief description of the directory structure.
Data formats vary--most data are stored as ESRI shape files, but some data models require coverages. There are also dbf-format tables of data located by geographic coordinates or State Route Accumulated Route Mileage.
</formcont>
					<transize Sync="TRUE">0.010</transize><dssize Sync="TRUE">0.010</dssize></digtinfo>
				<digtopt>
					<offoptn>
						<offmedia>CD-ROM</offmedia>
					</offoptn>
				</digtopt>
			</digform>
			<fees>none</fees>
			<ordering>Call, email or write the Distributor with requests for geo-spatial data sets.</ordering>
			<turnarnd>Generally, the standard compact disc containing all distributed data can be sent within one week of receiving a data request.</turnarnd>
		</stdorder>
		<stdorder>
			<digform>
				<digtinfo>
					<formname>self-extracting zip file</formname>
					<formvern>6.3 SR-1 (926) 32-bit</formvern>
					<formspec>WinZip</formspec>
					<formcont>Depends on the data set. Arc/Info coverage or shape file; metadata report in html and text files; and, in some cases, a data dictionary text file. Some data sets in the standard distribution are tabular data for placement as ArcView "events."</formcont>
					<filedec>Run the "exe" file under Windows NT.</filedec>
					<transize Sync="TRUE">0.010</transize><dssize Sync="TRUE">0.010</dssize></digtinfo>
				<digtopt>
					<onlinopt>
						<accinstr>Use anonymous FTP login or web browser download on the URL specified under Network Address.</accinstr>
						<oncomp>Unix</oncomp>
					</onlinopt>
				</digtopt>
			</digform>
			<fees>none</fees>
			<ordering>Download individual data sets from ftp://ftp.wsdot.wa.gov/gis/GeoDataDistribution</ordering>
		</stdorder>
		<stdorder>
			<nondig>The Cartography/GIS Section can plot maps of most geospatial data sets.</nondig>
			<fees>depend on plotting costs.</fees>
			<ordering>Contact the Point of Contact listed under the Identification Section to determine the availability of this data set in a non-digital representation.</ordering>
			<digform><digtinfo><transize Sync="TRUE">0.010</transize><dssize Sync="TRUE">0.010</dssize></digtinfo></digform></stdorder>
	</distinfo>
	<metainfo>
		<metd>20030317</metd>
		<metc>
			<cntinfo>
				<cntpos>GIS Data Administrator</cntpos>
				<cntaddr>
					<addrtype>mailing address</addrtype>
					<address>PO Box 47430</address>
					<city>Olympia</city>
					<state>WA</state>
					<postal>98504-7430</postal>
					<country>USA</country>
				</cntaddr>
				<cntaddr>
					<addrtype>physical address</addrtype>
					<address>809 Legion Way SE</address>
					<city>Olympia</city>
					<state>WA</state>
					<postal>98501</postal>
					<country>USA</country>
				</cntaddr>
				<cntvoice>360-705-7797</cntvoice>
				<cntfax>360-705-6817</cntfax>
				<cntemail>blakem@wsdot.wa.gov</cntemail>
				<cntinst>Call, email or write with requests for geo-spatial data sets.</cntinst>
				<cntorgp><cntper>Michelle Blake</cntper><cntorg>Washington State Department of Transportation</cntorg></cntorgp></cntinfo>
		</metc>
		<metstdn>FGDC Content Standards for Digital Geospatial Metadata</metstdn>
		<metstdv>FGDC-STD-001-1998</metstdv>
		<mettc>local time</mettc>
		<metac>none</metac>
		<metuc>none</metuc>
		<metextns>
			<onlink>http://www.esri.com/metadata/esriprof80.html</onlink>
			<metprof>ESRI Metadata Profile</metprof>
		</metextns>
		<langmeta Sync="TRUE">en</langmeta><metextns><onlink Sync="TRUE">http://www.esri.com/metadata/esriprof80.html</onlink><metprof Sync="TRUE">ESRI Metadata Profile</metprof></metextns></metainfo>
	<Esri><CreaDate>20040716</CreaDate><CreaTime>07460900</CreaTime><SyncOnce>FALSE</SyncOnce><SyncDate>20030324</SyncDate><SyncTime>09061300</SyncTime><ModDate>20030324</ModDate><ModTime>09062100</ModTime><MetaID>{67C7051C-3E42-4E5B-B30E-CD2E5CE253C2}</MetaID></Esri><dataIdInfo><envirDesc Sync="TRUE">Microsoft Windows 2000 Version 5.0 (Build 2195) Service Pack 3; ESRI ArcCatalog 8.2.0.700</envirDesc><dataLang><languageCode Sync="TRUE" value="en"></languageCode></dataLang><idCitation><resTitle Sync="TRUE">RestAreasAll</resTitle><presForm><PresFormCd Sync="TRUE" value="011"></PresFormCd></presForm></idCitation></dataIdInfo><mdLang><languageCode Sync="TRUE" value="en"></languageCode></mdLang><mdStanName Sync="TRUE">ISO 19115 Geographic Information - Metadata</mdStanName><mdStanVer Sync="TRUE">DIS_ESRI1.0</mdStanVer><mdChar><CharSetCd Sync="TRUE" value="004"></CharSetCd></mdChar><mdHrLv><ScopeCd Sync="TRUE" value="005"></ScopeCd></mdHrLv><mdHrLvName Sync="TRUE">dataset</mdHrLvName><distInfo><distributor><distorTran><onLineSrc><orDesc Sync="TRUE">002</orDesc><linkage Sync="TRUE">file://\\CHANGLAP\C$\rev_3\data_solved\chap17\RestAreasAll</linkage><protocol Sync="TRUE">Local Area Network</protocol></onLineSrc><transSize Sync="TRUE">0.010</transSize></distorTran><distorFormat><formatName Sync="TRUE">dBASE Table</formatName></distorFormat></distributor></distInfo><mdDateSt Sync="TRUE">20030324</mdDateSt></metadata>
