<?xml version="1.0"?>
<!--<!DOCTYPE metadata SYSTEM "http://www.esri.com/metadata/esriprof80.dtd">-->
<metadata xml:lang="en"><Esri><CreaDate>20040716</CreaDate><CreaTime>07462300</CreaTime><SyncOnce>TRUE</SyncOnce><MetaID>{A42842EF-E4D4-44EC-B3EA-2F9E288A9C96}</MetaID></Esri><idinfo><citation><citeinfo><onlink Sync="TRUE">\\CHANGLAP\C$\rev_3\data_solved\chap17\RoadsideAll</onlink></citeinfo></citation></idinfo><distInfo><distributor><distorTran><onLineSrc><linkage Sync="TRUE">file://\\CHANGLAP\C$\rev_3\data_solved\chap17\RoadsideAll</linkage><protocol Sync="TRUE">Local Area Network</protocol></onLineSrc></distorTran></distributor></distInfo><dataqual><lineage><procstep><procdesc Sync="TRUE">Dataset copied.</procdesc><srcused Sync="TRUE">C:\geog475\data_solved\ex5\RoadsideAll</srcused><date Sync="TRUE">20040715</date><time Sync="TRUE">17494500</time></procstep><procstep><procdesc Sync="TRUE">Dataset copied.</procdesc><srcused Sync="TRUE">E:\data\RoadsideAll</srcused><date Sync="TRUE">20040716</date><time Sync="TRUE">07462300</time></procstep></lineage></dataqual></metadata>
