<?xml version="1.0"?>
<!--<!DOCTYPE metadata SYSTEM "http://www.esri.com/metadata/esriprof80.dtd">-->
<metadata xml:lang="en"><Esri><CreaDate>20040721</CreaDate><CreaTime>08085200</CreaTime><SyncOnce>FALSE</SyncOnce><SyncDate>20020921</SyncDate><SyncTime>11095600</SyncTime><ModDate>20020921</ModDate><ModTime>11095600</ModTime><MetaID>{925E3D70-8383-488E-8410-F59796468D7F}</MetaID></Esri><idinfo><citation><citeinfo><onlink Sync="TRUE">\\CHANGLAP\C$\rev_3\data_solved\chap17\uscities</onlink><origin>REQUIRED: The name of an organization or individual that developed the data set.</origin><pubdate>REQUIRED: The date when the data set is published or otherwise made available for release.</pubdate><title Sync="TRUE">uscities</title><ftname Sync="TRUE">uscities</ftname><geoform Sync="TRUE">vector digital data</geoform></citeinfo></citation><native Sync="TRUE">Microsoft Windows 2000 Version 5.1 (Build 2600) ; ESRI ArcCatalog 8.2.0.700</native><descript><langdata Sync="TRUE">en</langdata><abstract>REQUIRED: A brief narrative summary of the data set.</abstract><purpose>REQUIRED: A summary of the intentions with which the data set was developed.</purpose></descript><timeperd><current>REQUIRED: The basis on which the time period of content information is determined.</current><timeinfo><sngdate><caldate>REQUIRED: The year (and optionally month, or month and day) for which the data set corresponds to the ground.</caldate></sngdate></timeinfo></timeperd><status><progress>REQUIRED: The state of the data set.</progress><update>REQUIRED: The frequency with which changes and additions are made to the data set after the initial data set is completed.</update></status><spdom><bounding><westbc Sync="TRUE">-127.286178</westbc><eastbc Sync="TRUE">-67.269925</eastbc><northbc Sync="TRUE">51.234881</northbc><southbc Sync="TRUE">23.405541</southbc></bounding><lboundng><leftbc Sync="TRUE">-2322056.238190</leftbc><rightbc Sync="TRUE">2119718.978007</rightbc><bottombc Sync="TRUE">-1286024.197349</bottombc><topbc Sync="TRUE">1525683.981397</topbc></lboundng></spdom><keywords><theme><themekt>REQUIRED: Reference to a formally registered thesaurus or a similar authoritative source of theme keywords.</themekt><themekey>REQUIRED: Common-use word or phrase used to describe the subject of the data set.</themekey></theme></keywords><accconst>REQUIRED: Restrictions and legal prerequisites for accessing the data set.</accconst><useconst>REQUIRED: Restrictions and legal prerequisites for using the data set after access is granted.</useconst><natvform Sync="TRUE">Shapefile</natvform></idinfo><distInfo><distributor><distorTran><onLineSrc><linkage Sync="TRUE">file://\\CHANGLAP\C$\rev_3\data_solved\chap17\uscities</linkage><protocol Sync="TRUE">Local Area Network</protocol><orDesc Sync="TRUE">002</orDesc></onLineSrc><transSize Sync="TRUE">0.356</transSize></distorTran><distorFormat><formatName Sync="TRUE">Shapefile</formatName></distorFormat></distributor></distInfo><dataqual><lineage><procstep><procdesc Sync="TRUE">Dataset copied.</procdesc><srcused Sync="TRUE">E:\data_solved\chap16\uscities</srcused><date Sync="TRUE">20020921</date><time Sync="TRUE">11041400</time></procstep><procstep><procdesc Sync="TRUE">Dataset copied.</procdesc><srcused Sync="TRUE">C:\rev_3\data_solved\chap18\uscities</srcused><date Sync="TRUE">20040721</date><time Sync="TRUE">08085200</time></procstep></lineage></dataqual><dataIdInfo><envirDesc Sync="TRUE">Microsoft Windows 2000 Version 5.1 (Build 2600) ; ESRI ArcCatalog 8.2.0.700</envirDesc><dataLang><languageCode Sync="TRUE" value="en"></languageCode></dataLang><idCitation><resTitle Sync="TRUE">uscities</resTitle><presForm><PresFormCd Sync="TRUE" value="005"></PresFormCd></presForm></idCitation><spatRpType><SpatRepTypCd Sync="TRUE" value="001"></SpatRepTypCd></spatRpType><geoBox esriExtentType="native"><westBL Sync="TRUE">-2322056.23819</westBL><eastBL Sync="TRUE">2119718.978007</eastBL><northBL Sync="TRUE">1525683.981397</northBL><southBL Sync="TRUE">-1286024.197349</southBL><exTypeCode Sync="TRUE">1</exTypeCode></geoBox><geoBox esriExtentType="decdegrees"><westBL Sync="TRUE">-127.286178</westBL><eastBL Sync="TRUE">-67.269925</eastBL><northBL Sync="TRUE">51.234881</northBL><southBL Sync="TRUE">23.405541</southBL><exTypeCode Sync="TRUE">1</exTypeCode></geoBox></dataIdInfo><metainfo><langmeta Sync="TRUE">en</langmeta><metstdn Sync="TRUE">FGDC Content Standards for Digital Geospatial Metadata</metstdn><metstdv Sync="TRUE">FGDC-STD-001-1998</metstdv><mettc Sync="TRUE">local time</mettc><metextns><onlink Sync="TRUE">http://www.esri.com/metadata/esriprof80.html</onlink><metprof Sync="TRUE">ESRI Metadata Profile</metprof></metextns><metc><cntinfo><cntorgp><cntper>REQUIRED: The person responsible for the metadata information.</cntper><cntorg>REQUIRED: The organization responsible for the metadata information.</cntorg></cntorgp><cntaddr><addrtype>REQUIRED: The mailing and/or physical address for the organization or individual.</addrtype><city>REQUIRED: The city of the address.</city><state>REQUIRED: The state or province of the address.</state><postal>REQUIRED: The ZIP or other postal code of the address.</postal></cntaddr><cntvoice>REQUIRED: The telephone number by which individuals can speak to the organization or individual.</cntvoice></cntinfo></metc><metd Sync="TRUE">20020921</metd></metainfo><mdLang><languageCode Sync="TRUE" value="en"></languageCode></mdLang><mdStanName Sync="TRUE">ISO 19115 Geographic Information - Metadata</mdStanName><mdStanVer Sync="TRUE">DIS_ESRI1.0</mdStanVer><mdChar><CharSetCd Sync="TRUE" value="004"></CharSetCd></mdChar><mdHrLv><ScopeCd Sync="TRUE" value="005"></ScopeCd></mdHrLv><mdHrLvName Sync="TRUE">dataset</mdHrLvName><distinfo><resdesc Sync="TRUE">Downloadable Data</resdesc><stdorder><digform><digtinfo><transize Sync="TRUE">0.356</transize><dssize Sync="TRUE">0.356</dssize></digtinfo></digform></stdorder></distinfo><spdoinfo><direct Sync="TRUE">Vector</direct><ptvctinf><esriterm Name="uscities"><efeatyp Sync="TRUE">Simple</efeatyp><efeageom Sync="TRUE">Point</efeageom><esritopo Sync="TRUE">FALSE</esritopo><efeacnt Sync="TRUE">3124</efeacnt><spindex Sync="TRUE">FALSE</spindex><linrefer Sync="TRUE">FALSE</linrefer></esriterm><sdtsterm Name="uscities"><sdtstype Sync="TRUE">Entity point</sdtstype><ptvctcnt Sync="TRUE">3124</ptvctcnt></sdtsterm></ptvctinf></spdoinfo><spref><horizsys><cordsysn><geogcsn Sync="TRUE">GCS_North_American_1927</geogcsn><projcsn Sync="TRUE">Custom</projcsn></cordsysn><planar><mapproj><mapprojn Sync="TRUE">Albers Conical Equal Area</mapprojn><albers><stdparll Sync="TRUE">29.500000</stdparll><stdparll Sync="TRUE">45.500000</stdparll><longcm Sync="TRUE">-96.000000</longcm><latprjo Sync="TRUE">37.500000</latprjo><feast Sync="TRUE">0.000000</feast><fnorth Sync="TRUE">0.000000</fnorth></albers></mapproj><planci><plance Sync="TRUE">coordinate pair</plance><plandu Sync="TRUE">meters</plandu><coordrep><absres Sync="TRUE">0.008192</absres><ordres Sync="TRUE">0.008192</ordres></coordrep></planci></planar><geodetic><horizdn Sync="TRUE">North American Datum of 1927</horizdn><ellips Sync="TRUE">Clarke 1866</ellips><semiaxis Sync="TRUE">6378206.400000</semiaxis><denflat Sync="TRUE">294.978698</denflat></geodetic></horizsys></spref><refSysInfo><RefSystem><refSysID><identCode Sync="TRUE">Custom</identCode></refSysID></RefSystem></refSysInfo><spatRepInfo><VectSpatRep><topLvl><TopoLevCd Sync="TRUE" value="001"></TopoLevCd></topLvl><geometObjs Name="uscities"><geoObjTyp><GeoObjTypCd Sync="TRUE" value="004"></GeoObjTypCd></geoObjTyp><geoObjCnt Sync="TRUE">3124</geoObjCnt></geometObjs></VectSpatRep></spatRepInfo><eainfo><detailed Name="uscities"><enttyp><enttypl Sync="TRUE">uscities</enttypl><enttypt Sync="TRUE">Feature Class</enttypt><enttypc Sync="TRUE">3124</enttypc></enttyp><attr><attrlabl Sync="TRUE">FID</attrlabl><attalias Sync="TRUE">FID</attalias><attrtype Sync="TRUE">OID</attrtype><attwidth Sync="TRUE">4</attwidth><atprecis Sync="TRUE">0</atprecis><attscale Sync="TRUE">0</attscale><attrdef Sync="TRUE">Internal feature number.</attrdef><attrdefs Sync="TRUE">ESRI</attrdefs><attrdomv><udom Sync="TRUE">Sequential unique whole numbers that are automatically generated.</udom></attrdomv></attr><attr><attrlabl Sync="TRUE">Shape</attrlabl><attalias Sync="TRUE">Shape</attalias><attrtype Sync="TRUE">Geometry</attrtype><attwidth Sync="TRUE">0</attwidth><atprecis Sync="TRUE">0</atprecis><attscale Sync="TRUE">0</attscale><attrdef Sync="TRUE">Feature geometry.</attrdef><attrdefs Sync="TRUE">ESRI</attrdefs><attrdomv><udom Sync="TRUE">Coordinates defining the features.</udom></attrdomv></attr><attr><attrlabl Sync="TRUE">CITY_FIPS</attrlabl><attalias Sync="TRUE">CITY_FIPS</attalias><attrtype Sync="TRUE">String</attrtype><attwidth Sync="TRUE">5</attwidth></attr><attr><attrlabl Sync="TRUE">CITY_NAME</attrlabl><attalias Sync="TRUE">CITY_NAME</attalias><attrtype Sync="TRUE">String</attrtype><attwidth Sync="TRUE">40</attwidth></attr><attr><attrlabl Sync="TRUE">STATE_FIPS</attrlabl><attalias Sync="TRUE">STATE_FIPS</attalias><attrtype Sync="TRUE">String</attrtype><attwidth Sync="TRUE">2</attwidth></attr><attr><attrlabl Sync="TRUE">STATE_NAME</attrlabl><attalias Sync="TRUE">STATE_NAME</attalias><attrtype Sync="TRUE">String</attrtype><attwidth Sync="TRUE">25</attwidth></attr><attr><attrlabl Sync="TRUE">STATE_CITY</attrlabl><attalias Sync="TRUE">STATE_CITY</attalias><attrtype Sync="TRUE">String</attrtype><attwidth Sync="TRUE">7</attwidth></attr></detailed></eainfo><mdDateSt Sync="TRUE">20020921</mdDateSt></metadata>
