<?xml version="1.0"?>
<!--<!DOCTYPE metadata SYSTEM "http://www.esri.com/metadata/esriprof80.dtd">-->
<metadata xml:lang="en"><Esri><CreaDate>20040726</CreaDate><CreaTime>13380900</CreaTime><SyncOnce>TRUE</SyncOnce><MetaID>{1ED4FF8E-EB48-4F8D-8894-06917FA6B802}</MetaID></Esri><idinfo><citation><citeinfo><onlink Sync="TRUE">\\CHANGLAP\C$\rev_3\copy_of_data\chap14\usgs10</onlink></citeinfo></citation></idinfo><distInfo><distributor><distorTran><onLineSrc><linkage Sync="TRUE">file://\\CHANGLAP\C$\rev_3\copy_of_data\chap14\usgs10</linkage><protocol Sync="TRUE">Local Area Network</protocol></onLineSrc></distorTran></distributor></distInfo><dataqual><lineage><procstep><procdesc Sync="TRUE">Dataset copied.</procdesc><srcused Sync="TRUE">C:\geog475\resources\lidar\usgs10_c</srcused><date Sync="TRUE">20040726</date><time Sync="TRUE">13284400</time></procstep><procstep><procdesc Sync="TRUE">Dataset copied.</procdesc><srcused Sync="TRUE">E:\data\usgs10</srcused><date Sync="TRUE">20040726</date><time Sync="TRUE">13380900</time></procstep></lineage></dataqual></metadata>
