<?xml version="1.0"?>
<!--<!DOCTYPE metadata SYSTEM "http://www.esri.com/metadata/esriprof80.dtd">-->
<metadata xml:lang="en"><Esri><CreaDate>20040701</CreaDate><CreaTime>15463300</CreaTime><SyncOnce>TRUE</SyncOnce><MetaID>{E558B1CA-AC6C-400E-B2C3-0817E7784E02}</MetaID></Esri><idinfo><citation><citeinfo><onlink Sync="TRUE">\\CHANGLAP\C$\rev_3\copy_of_data\chap3\nhd</onlink></citeinfo></citation></idinfo><distInfo><distributor><distorTran><onLineSrc><linkage Sync="TRUE">file://\\CHANGLAP\C$\rev_3\copy_of_data\chap3\nhd</linkage><protocol Sync="TRUE">Local Area Network</protocol></onLineSrc></distorTran></distributor></distInfo><dataqual><lineage><procstep><procdesc Sync="TRUE">Dataset copied.</procdesc><srcused Sync="TRUE">c:\geog475\resources\hydro_data\18070105\nhd</srcused><date Sync="TRUE">20040701</date><time Sync="TRUE">15282800</time></procstep><procstep><procdesc Sync="TRUE">Dataset copied.</procdesc><srcused Sync="TRUE">a:\data\nhd</srcused><date Sync="TRUE">20040701</date><time Sync="TRUE">15463300</time></procstep></lineage></dataqual></metadata>
