<?xml version="1.0"?>
<!--<!DOCTYPE metadata SYSTEM "http://www.esri.com/metadata/esriprof80.dtd">-->
<metadata xml:lang="zh"><Esri><CreaDate>20061128</CreaDate><CreaTime>18012800</CreaTime><SyncOnce>TRUE</SyncOnce><DataProperties><lineage><Process Name="Create Feature Class" ToolSource="C:\Program Files\ArcGIS\ArcToolbox\Toolboxes\Data Management Tools.tbx\CreateFeatureclass" Date="20050716" Time="134602">CreateFeatureclass D:\rev_4\gisdata\chap16 moscowst.shp # arc_Layer SAME_AS_TEMPLATE SAME_AS_TEMPLATE "PROJCS['NAD_1927_Transverse_Mercator',GEOGCS['GCS_North_American_1927',DATUM['D_North_American_1927',SPHEROID['Clarke_1866',6378206.4,294.9786982]],PRIMEM['Greenwich',0.0],UNIT['Degree',0.0174532925199433]],PROJECTION['Transverse_Mercator'],PARAMETER['False_Easting',500000.0],PARAMETER['False_Northing',100000.0],PARAMETER['Central_Meridian',-114.0],PARAMETER['Scale_Factor',0.9996],PARAMETER['Latitude_Of_Origin',42.0],UNIT['Meter',1.0]];265606.578200866 624533.459417993 214748.3643;0 100000;0 100000" # 0 0 0 D:\rev_4\gisdata\chap16\moscowst.shp</Process><Process Name="Append" ToolSource="C:\Program Files\ArcGIS\ArcToolbox\Toolboxes\Data Management Tools.tbx\Append" Date="20050716" Time="134603">Append arc_Layer D:\rev_4\gisdata\chap16\moscowst.shp TEST D:\rev_4\gisdata\chap16\moscowst.shp</Process><Process Name="FeatureClassToFeatureClass_3" ToolSource="C:\Program Files\ArcGIS\ArcToolbox\Toolboxes\Conversion Tools.tbx\FeatureClassToFeatureClass" Date="20050716" Time="134603">FeatureClassToFeatureClass D:\rev_4\gisdata\chap16\mosst\arc D:\rev_4\gisdata\chap16 moscowst.shp # "FNODE# FNODE_ VISIBLE;TNODE# TNODE_ VISIBLE;LPOLY# LPOLY_ VISIBLE;RPOLY# RPOLY_ VISIBLE;LENGTH LENGTH VISIBLE;MOSST# MOSST_ VISIBLE;MOSST-ID MOSST_ID VISIBLE;FENAME FENAME VISIBLE;FETYPE FETYPE VISIBLE;CFCC CFCC VISIBLE;SPEED SPEED VISIBLE;DIRECTION DIRECTION VISIBLE;MINUTES MINUTES VISIBLE" SAME_AS_TEMPLATE SAME_AS_TEMPLATE # 0 D:\rev_4\gisdata\chap16\moscowst.shp</Process><Process Name="AddField_5" ToolSource="C:\Program Files\ArcGIS\ArcToolbox\Toolboxes\Data Management Tools.tbx\AddField" Date="20050716" Time="140215">AddField D:\rev_4\gisdata\chap16\moscowst.shp ONEWAY TEXT # # 2 # NON_NULLABLE NON_REQUIRED # D:\rev_4\gisdata\chap16\moscowst.shp</Process><Process Name="AddField_8" ToolSource="C:\Program Files\ArcGIS\ArcToolbox\Toolboxes\Data Management Tools.tbx\AddField" Date="20050716" Time="144422">AddField D:\rev_4\gisdata\chap16\moscowst.shp NAME TEXT # # 30 # NON_NULLABLE NON_REQUIRED # D:\rev_4\gisdata\chap16\moscowst.shp</Process><Process Name="CalculateField_9" ToolSource="C:\Program Files\ArcGIS\ArcToolbox\Toolboxes\Data Management Tools.tbx\CalculateField" Date="20050716" Time="144518">CalculateField D:\rev_4\gisdata\chap16\moscowst.shp NAME "" [FENAME] " &amp; "[FETYPE]"" D:\rev_4\gisdata\chap16\moscowst.shp</Process><Process Name="CalculateField_10" ToolSource="C:\Program Files\ArcGIS\ArcToolbox\Toolboxes\Data Management Tools.tbx\CalculateField" Date="20050716" Time="144617">CalculateField D:\rev_4\gisdata\chap16\moscowst.shp NAME "[FENAME] &amp; [FETYPE]" D:\rev_4\gisdata\chap16\moscowst.shp</Process><Process Name="CalculateField_11" ToolSource="C:\Program Files\ArcGIS\ArcToolbox\Toolboxes\Data Management Tools.tbx\CalculateField" Date="20050716" Time="144723">CalculateField D:\rev_4\gisdata\chap16\moscowst.shp NAME "[FENAME] &amp; " " &amp; [FETYPE]" D:\rev_4\gisdata\chap16\moscowst.shp</Process><Process Name="AddField_13" ToolSource="C:\Program Files\ArcGIS\ArcToolbox\Toolboxes\Data Management Tools.tbx\AddField" Date="20050716" Time="144928">AddField D:\rev_4\gisdata\chap16\moscowst.shp METERS DOUBLE # # # # NON_NULLABLE NON_REQUIRED # D:\rev_4\gisdata\chap16\moscowst.shp</Process><Process Name="CalculateField_14" ToolSource="C:\Program Files\ArcGIS\ArcToolbox\Toolboxes\Data Management Tools.tbx\CalculateField" Date="20050716" Time="144958">CalculateField D:\rev_4\gisdata\chap16\moscowst.shp METERS [LENGTH] D:\rev_4\gisdata\chap16\moscowst.shp</Process></lineage></DataProperties><MetaID>{15FD1844-E879-40F1-8837-ED36059A8E9D}</MetaID></Esri><idinfo><citation><citeinfo><onlink Sync="TRUE">\\CHANGPC\D$\rev_4\data\chap18\moscowstCopy</onlink></citeinfo></citation></idinfo><distInfo><distributor><distorTran><onLineSrc><linkage Sync="TRUE">file://\\CHANGPC\D$\rev_4\data\chap18\moscowstCopy</linkage><protocol Sync="TRUE">Local Area Network</protocol></onLineSrc></distorTran></distributor></distInfo><dataqual><lineage><procstep><procdesc Sync="TRUE">Dataset copied.</procdesc><srcused Sync="TRUE">D:\rev_4\gisdata\chap16\moscowst</srcused><date Sync="TRUE">20050717</date><time Sync="TRUE">09572200</time></procstep><procstep><procdesc Sync="TRUE">Dataset copied.</procdesc><srcused Sync="TRUE">D:\rev_4\data_solved\chap18\moscowst</srcused><date Sync="TRUE">20061128</date><time Sync="TRUE">18012800</time></procstep></lineage></dataqual></metadata>
