<?xml version="1.0"?>
<!--<!DOCTYPE metadata SYSTEM "http://www.esri.com/metadata/esriprof80.dtd">-->
<metadata xml:lang="zh"><Esri><CreaDate>20060305</CreaDate><CreaTime>14413400</CreaTime><SyncOnce>TRUE</SyncOnce><MetaID>{8AA210E9-2D5D-43D2-9BA4-270DFED82B86}</MetaID></Esri><idinfo><citation><citeinfo><onlink Sync="TRUE">\\CHANGPC\D$\rev_4\data\chap18\select_turns</onlink></citeinfo></citation></idinfo><distInfo><distributor><distorTran><onLineSrc><linkage Sync="TRUE">file://\\CHANGPC\D$\rev_4\data\chap18\select_turns</linkage><protocol Sync="TRUE">Local Area Network</protocol></onLineSrc></distorTran></distributor></distInfo><dataqual><lineage><procstep><procdesc Sync="TRUE">Dataset copied.</procdesc><srcused Sync="TRUE">D:\rev_4\gisdata\chap16\select_turns</srcused><date Sync="TRUE">20050717</date><time Sync="TRUE">09573100</time></procstep><procstep><procdesc Sync="TRUE">Dataset copied.</procdesc><srcused Sync="TRUE">D:\rev_4\data_solved\chap18\select_turns</srcused><date Sync="TRUE">20060305</date><time Sync="TRUE">14413400</time></procstep></lineage></dataqual></metadata>
