<?xml version="1.0"?>
<!--<!DOCTYPE metadata SYSTEM "http://www.esri.com/metadata/esriprof80.dtd">-->
<metadata xml:lang="en"><Esri><CreaDate>20040726</CreaDate><CreaTime>13382600</CreaTime><SyncOnce>TRUE</SyncOnce><MetaID>{E90D8EE6-B8C8-48C0-980E-F7B0F193996E}</MetaID></Esri><idinfo><citation><citeinfo><onlink Sync="TRUE">\\CHANGLAP\C$\rev_3\copy_of_data\chap14\usgs30</onlink></citeinfo></citation></idinfo><distInfo><distributor><distorTran><onLineSrc><linkage Sync="TRUE">file://\\CHANGLAP\C$\rev_3\copy_of_data\chap14\usgs30</linkage><protocol Sync="TRUE">Local Area Network</protocol></onLineSrc></distorTran></distributor></distInfo><dataqual><lineage><procstep><procdesc Sync="TRUE">Dataset copied.</procdesc><srcused Sync="TRUE">C:\geog475\resources\lidar\usgs30_c</srcused><date Sync="TRUE">20040726</date><time Sync="TRUE">13290200</time></procstep><procstep><procdesc Sync="TRUE">Dataset copied.</procdesc><srcused Sync="TRUE">E:\data\usgs30</srcused><date Sync="TRUE">20040726</date><time Sync="TRUE">13382600</time></procstep></lineage></dataqual></metadata>
