<?xml version="1.0"?>
<!--<!DOCTYPE metadata SYSTEM "http://www.esri.com/metadata/esriprof80.dtd">-->
<metadata xml:lang="en"><Esri><CreaDate>20040725</CreaDate><CreaTime>20281200</CreaTime><SyncOnce>TRUE</SyncOnce><DataProperties><lineage><Process Name="Divide_7" ToolSource="C:\Program Files\ArcGIS\ArcToolbox\Toolboxes\Spatial Analyst Tools.tbx\Divide" Date="20040722" Time="173324">Divide C:\rev_3\data_solved\chap19\Task3.mdb\landuse_tm2 10 C:\rev_3\data_solved\chap19\landuse</Process></lineage></DataProperties><MetaID>{1D2F26BE-0C9A-4093-B68A-95F56B96B8AC}</MetaID></Esri><idinfo><citation><citeinfo><onlink Sync="TRUE">\\CHANGLAP\C$\rev_3\copy_of_data\chap19\landuse</onlink></citeinfo></citation></idinfo><distInfo><distributor><distorTran><onLineSrc><linkage Sync="TRUE">file://\\CHANGLAP\C$\rev_3\copy_of_data\chap19\landuse</linkage><protocol Sync="TRUE">Local Area Network</protocol></onLineSrc></distorTran></distributor></distInfo><dataqual><lineage><procstep><procdesc Sync="TRUE">Dataset copied.</procdesc><srcused Sync="TRUE">C:\rev_3\data_solved\chap19\landuse</srcused><date Sync="TRUE">20040725</date><time Sync="TRUE">20281200</time></procstep></lineage></dataqual></metadata>
