<?xml version="1.0"?>
<!--<!DOCTYPE metadata SYSTEM "http://www.esri.com/metadata/esriprof80.dtd">-->
<metadata xml:lang="en"><Esri><CreaDate>20040726</CreaDate><CreaTime>13374800</CreaTime><SyncOnce>TRUE</SyncOnce><MetaID>{3BE3E9D5-8D71-45BC-A35C-FE768E962B42}</MetaID></Esri><idinfo><citation><citeinfo><onlink Sync="TRUE">\\CHANGLAP\C$\rev_3\copy_of_data\chap14\lidar</onlink></citeinfo></citation></idinfo><distInfo><distributor><distorTran><onLineSrc><linkage Sync="TRUE">file://\\CHANGLAP\C$\rev_3\copy_of_data\chap14\lidar</linkage><protocol Sync="TRUE">Local Area Network</protocol></onLineSrc></distorTran></distributor></distInfo><dataqual><lineage><procstep><procdesc Sync="TRUE">Dataset copied.</procdesc><srcused Sync="TRUE">C:\geog475\resources\lidar\lidar_c</srcused><date Sync="TRUE">20040726</date><time Sync="TRUE">13281800</time></procstep><procstep><procdesc Sync="TRUE">Dataset copied.</procdesc><srcused Sync="TRUE">E:\data\lidar</srcused><date Sync="TRUE">20040726</date><time Sync="TRUE">13374800</time></procstep></lineage></dataqual></metadata>
