<?xml version="1.0"?>
<!--<!DOCTYPE metadata SYSTEM "http://www.esri.com/metadata/esriprof80.dtd">-->
<metadata xml:lang="en"><Esri><CreaDate>20040725</CreaDate><CreaTime>20275700</CreaTime><SyncOnce>TRUE</SyncOnce><DataProperties><lineage><Process Name="Divide_9" ToolSource="C:\Program Files\ArcGIS\ArcToolbox\Toolboxes\Spatial Analyst Tools.tbx\Divide" Date="20040722" Time="161843">Divide C:\rev_3\data_solved\chap19\Task3.mdb\Float_depwat1 10 C:\rev_3\data_solved\chap19\depwater</Process></lineage></DataProperties><MetaID>{2D4084B4-128F-45C1-A480-8A5ADC190C96}</MetaID></Esri><idinfo><citation><citeinfo><onlink Sync="TRUE">\\CHANGLAP\C$\rev_3\copy_of_data\chap19\depwater</onlink></citeinfo></citation></idinfo><distInfo><distributor><distorTran><onLineSrc><linkage Sync="TRUE">file://\\CHANGLAP\C$\rev_3\copy_of_data\chap19\depwater</linkage><protocol Sync="TRUE">Local Area Network</protocol></onLineSrc></distorTran></distributor></distInfo><dataqual><lineage><procstep><procdesc Sync="TRUE">Dataset copied.</procdesc><srcused Sync="TRUE">C:\rev_3\data_solved\chap19\depwater</srcused><date Sync="TRUE">20040725</date><time Sync="TRUE">20275700</time></procstep></lineage></dataqual></metadata>
