<?xml version="1.0"?>
<!--<!DOCTYPE metadata SYSTEM "http://www.esri.com/metadata/esriprof80.dtd">-->
<metadata xml:lang="en"><Esri><CreaDate>20040306</CreaDate><CreaTime>08294700</CreaTime><SyncOnce>TRUE</SyncOnce><MetaID>{24837098-7F78-429D-9248-CC6D519AAFFB}</MetaID></Esri><idinfo><citation><citeinfo><onlink Sync="TRUE">\\CHANGLAP\C$\rev_3\copy_of_data\chap6\cedarbt.tif</onlink></citeinfo></citation></idinfo><distInfo><distributor><distorTran><onLineSrc><linkage Sync="TRUE">file://\\CHANGLAP\C$\rev_3\copy_of_data\chap6\cedarbt.tif</linkage><protocol Sync="TRUE">Local Area Network</protocol></onLineSrc></distorTran></distributor></distInfo><dataqual><lineage><procstep><procdesc Sync="TRUE">Dataset copied.</procdesc><srcused Sync="TRUE">D:\old\ex298\CEDARBT.TIF</srcused><date Sync="TRUE">20040302</date><time Sync="TRUE">09083900</time></procstep><procstep><procdesc Sync="TRUE">Dataset copied.</procdesc><srcused Sync="TRUE">C:\geog475\resources\geo_transform\cedarbt.tif</srcused><date Sync="TRUE">20040302</date><time Sync="TRUE">09122800</time></procstep><procstep><procdesc Sync="TRUE">Dataset copied.</procdesc><srcused Sync="TRUE">C:\rev_3\newdata\cedarbt.tif</srcused><date Sync="TRUE">20040306</date><time Sync="TRUE">08294700</time></procstep></lineage></dataqual></metadata>
