<?xml version="1.0"?>
<!--<!DOCTYPE metadata SYSTEM "http://www.esri.com/metadata/esriprof80.dtd">-->
<metadata xml:lang="en"><Esri><CreaDate>20040726</CreaDate><CreaTime>13353400</CreaTime><SyncOnce>TRUE</SyncOnce><MetaID>{66B3716D-A075-4C9B-AEDB-F4654399F1BB}</MetaID><DataProperties><lineage><Process ToolSource="C:\Program Files\ArcGIS\Desktop10.0\ArcToolbox\Toolboxes\Data Management Tools.tbx\CalculateField" Date="20101120" Time="142405">CalculateField country POP_CNTRY 0 VB #</Process></lineage></DataProperties></Esri><idinfo><citation><citeinfo><onlink Sync="TRUE">\\CHANGLAP\C$\rev_3\copy_of_data\chap10\country</onlink></citeinfo></citation></idinfo><distInfo><distributor><distorTran><onLineSrc><linkage Sync="TRUE">file://\\CHANGLAP\C$\rev_3\copy_of_data\chap10\country</linkage><protocol Sync="TRUE">Local Area Network</protocol></onLineSrc></distorTran></distributor></distInfo><dataqual><lineage><procstep><procdesc Sync="TRUE">Dataset copied.</procdesc><srcused Sync="TRUE">C:\ESRI\ESRIDATA\WORLD\country</srcused><date Sync="TRUE">20030929</date><time Sync="TRUE">08090400</time></procstep><procstep><procdesc Sync="TRUE">Dataset copied.</procdesc><srcused Sync="TRUE">C:\geog385\data_f03\ex7\country</srcused><date Sync="TRUE">20040726</date><time Sync="TRUE">13243300</time></procstep><procstep><procdesc Sync="TRUE">Dataset copied.</procdesc><srcused Sync="TRUE">E:\data\country</srcused><date Sync="TRUE">20040726</date><time Sync="TRUE">13353400</time></procstep></lineage></dataqual></metadata>
