<?xml version="1.0"?>
<!--<!DOCTYPE metadata SYSTEM "http://www.esri.com/metadata/esriprof80.dtd">-->
<metadata xml:lang="en"><Esri><CreaDate>20071227</CreaDate><CreaTime>17305600</CreaTime><SyncOnce>TRUE</SyncOnce><MetaID>{78D8ACE2-FC93-4B09-ABEC-65D351BBE67F}</MetaID></Esri><idinfo><citation><citeinfo><onlink Sync="TRUE">\\CHANGPC\D$\rev_5\data\chap12\emidaaspect</onlink></citeinfo></citation></idinfo><distInfo><distributor><distorTran><onLineSrc><linkage Sync="TRUE">file://\\CHANGPC\D$\rev_5\data\chap12\emidaaspect</linkage><protocol Sync="TRUE">Local Area Network</protocol></onLineSrc></distorTran></distributor></distInfo><dataqual><lineage><procstep><procdesc Sync="TRUE">Dataset copied.</procdesc><srcused Sync="TRUE">C:\rev_3\data_solved\chap13\emidaaspect</srcused><date Sync="TRUE">20040725</date><time Sync="TRUE">19352200</time></procstep><procstep><procdesc Sync="TRUE">Dataset copied.</procdesc><srcused Sync="TRUE">D:\rev_5\data_solved\chap12\emidaaspect</srcused><date Sync="TRUE">20071227</date><time Sync="TRUE">17305600</time></procstep></lineage></dataqual></metadata>
