<?xml version="1.0"?>
<!--<!DOCTYPE metadata SYSTEM "http://www.esri.com/metadata/esriprof80.dtd">-->
<metadata xml:lang="en"><Esri><CreaDate>20040725</CreaDate><CreaTime>20283600</CreaTime><SyncOnce>TRUE</SyncOnce><DataProperties><lineage><Process Name="Divide_11" ToolSource="C:\Program Files\ArcGIS\ArcToolbox\Toolboxes\Spatial Analyst Tools.tbx\Divide" Date="20040722" Time="162047">Divide C:\rev_3\data_solved\chap19\soil_tm 10 C:\rev_3\data_solved\chap19\soil</Process></lineage></DataProperties><MetaID>{8E3D384F-67FA-4812-9BCA-77997AA082C3}</MetaID></Esri><idinfo><citation><citeinfo><onlink Sync="TRUE">\\CHANGLAP\C$\rev_3\copy_of_data\chap19\soil</onlink></citeinfo></citation></idinfo><distInfo><distributor><distorTran><onLineSrc><linkage Sync="TRUE">file://\\CHANGLAP\C$\rev_3\copy_of_data\chap19\soil</linkage><protocol Sync="TRUE">Local Area Network</protocol></onLineSrc></distorTran></distributor></distInfo><dataqual><lineage><procstep><procdesc Sync="TRUE">Dataset copied.</procdesc><srcused Sync="TRUE">C:\rev_3\data_solved\chap19\soil</srcused><date Sync="TRUE">20040725</date><time Sync="TRUE">20283600</time></procstep></lineage></dataqual></metadata>
