<?xml version="1.0"?>
<!--<!DOCTYPE metadata SYSTEM "http://www.esri.com/metadata/esriprof80.dtd">-->
<metadata xml:lang="en"><Esri><CreaDate>20040725</CreaDate><CreaTime>20063200</CreaTime><SyncOnce>TRUE</SyncOnce><DataProperties><lineage><Process Name="Clip_1" ToolSource="C:\Program Files\ArcGIS\ArcToolbox\Toolboxes\Data Management Tools.tbx\Clip" Date="20040721" Time="115116">Clip C:\rev_3\data_solved\chap18\emidalat "531085.000000 5214300.000000 531962.000000 5215270.000000" C:\rev_3\data_solved\chap18\Clip_emidala1</Process></lineage></DataProperties><MetaID>{CEEE997F-0126-4A0A-A9D4-A9835C4A329C}</MetaID></Esri><idinfo><citation><citeinfo><onlink Sync="TRUE">\\CHANGLAP\C$\rev_3\copy_of_data\chap18\emidasub</onlink></citeinfo></citation></idinfo><distInfo><distributor><distorTran><onLineSrc><linkage Sync="TRUE">file://\\CHANGLAP\C$\rev_3\copy_of_data\chap18\emidasub</linkage><protocol Sync="TRUE">Local Area Network</protocol></onLineSrc></distorTran></distributor></distInfo><dataqual><lineage><procstep><procdesc Sync="TRUE">Dataset copied.</procdesc><srcused Sync="TRUE">C:\rev_3\data_solved\chap18\emidasub</srcused><date Sync="TRUE">20040725</date><time Sync="TRUE">20063200</time></procstep></lineage></dataqual></metadata>
